transaction_id,timestamp,transaction_type,token,amount,protocol
0xi23pzohen1yazv6fvc1gy4al3h0mwnlji6fs2cxb,2024-09-01 01:52:54,swap,DOGE,0.36,SushiSwap
0xjexvonfrcbgx4u10znybom1g7rk4mt2xeytihhgu,2024-09-01 02:28:16,swap,USDC,1.0,PancakeSwap
0x1tvwxd3xqm6ewr0f0edoqowt74ootu7pv987oo1o,2024-09-01 04:21:15,swap,ETH,3869.77,Uniswap
0xflxxwynwdec7qt7t4g66dy7zrtflcgo0z5yhwhln,2024-09-01 04:52:03,swap,USDC,1.01,SushiSwap
0xtxxr5g3fbju7sf0higw0yzegbshsv1psn8fl7t0c,2024-09-01 05:31:27,swap,USDC,1.01,PancakeSwap
0xj8z7juwl9ofz93bev43e9imbx2sifoj72p4rhowk,2024-09-01 05:58:26,swap,DOGE,0.36,PancakeSwap
0x1n3b0fn1qtwpucjh2nn1wmu23pz27yonxj8uuhti,2024-09-01 10:21:02,swap,USDC,1.01,PancakeSwap
0xdr5eyj4y4v68mu4mj0uc1i90ngvridaphycdeho8,2024-09-01 12:19:52,swap,DOGE,0.18,PancakeSwap
0xw17mkkakyjc5emwtgvgy7qma27usjtic02p0h8uu,2024-09-01 16:13:23,swap,DOGE,0.42,PancakeSwap
0xu7pb91aipbuzm4h3io5vx3oojy5ld2m66c9h8tg5,2024-09-01 23:38:38,swap,USDC,1.01,Uniswap
0x64wg9n3vux03wtssbxguwlo7p8lq2iizagp0knfx,2024-09-02 01:17:20,swap,ETH,3936.54,Curve
0xo8jm2edjfhdxqfl9lclyb0u7152jhra5eandy5vb,2024-09-02 02:49:32,swap,ETH,3289.13,PancakeSwap
0xixan4m54e3mtaspol179c4q5hucu27jvndi9pm6j,2024-09-02 07:03:56,swap,USDC,1.02,SushiSwap
0xewl9jlej7vwewjgy26f20veceenbn59olsqrwyro,2024-09-02 07:22:45,swap,ETH,3927.83,PancakeSwap
0xraj3tt2pwmd122esb7h3fqtoe2x968lpcrm58eeu,2024-09-02 12:40:26,swap,ETH,3722.7,PancakeSwap
0xa0ax9e0dtp5a6tydteoydq9wojckxuj7iak0m183,2024-09-02 14:58:04,swap,ETH,3817.91,PancakeSwap
0xeojo8axvtv03j6ff1s3jslebqt5aw3d0pmd7ic0z,2024-09-02 19:22:37,swap,DOGE,0.45,Uniswap
0xlh7o4a6e7pjx8gww49ekdbj0eyn2kv7lo0hthnr4,2024-09-02 20:14:41,swap,DOGE,0.25,SushiSwap
0xnd6xp2aac8k1ltg7k8f3zts1qvf27660m8y67at6,2024-09-02 23:19:52,swap,USDC,1.0,SushiSwap
0x1akimdb0z8hytnl17bj4ld9ziclmytb89aoxy8nv,2024-09-02 23:57:36,swap,USDC,1.01,Uniswap
0x5ibmva767tjqbnb1na8opm4ivijly1sbp9nwg82t,2024-09-03 02:18:12,swap,ETH,3355.35,Curve
0xmfl0p10f5sq0xkyc0qlellnswpr6u8owt5j6vwd6,2024-09-03 04:21:35,swap,ETH,3533.6,SushiSwap
0xll9xfgb8t3zy6o3vdh4jv0ve2b4l1rq2mj1d1qfm,2024-09-03 04:34:26,swap,DOGE,0.16,PancakeSwap
0xyjis2cd7pq1svimei6mikkoybdt7n6ab6p81gopy,2024-09-03 06:48:20,swap,DOGE,0.19,PancakeSwap
0x60srdeci8mjowsk4ycu76njn65f2wkrw8awmtcmh,2024-09-03 07:08:28,swap,ETH,3476.53,Curve
0x5jv40atvink1ncsx3wrxh0e34i21b1qgtxsnyt8y,2024-09-03 09:00:51,swap,USDC,1.02,Uniswap
0x8ay6ibbpmf6wnd2vmh53upf171ol1ghg7xpjbo9d,2024-09-03 11:47:53,swap,USDC,1.01,SushiSwap
0x92eo01luuzz7j30lzjm7xgdw59m06qzvan1iat60,2024-09-03 13:06:26,swap,ETH,3696.51,Uniswap
0x4y5o7h8uq640xeu27vhb1p60hpohdh7go86r7qru,2024-09-03 15:56:00,swap,DOGE,0.2,SushiSwap
0xquy0rn1mt507twsc1c3iftrdjjkscaxqcpy74xv7,2024-09-03 20:06:59,swap,USDC,1.01,Curve
0xoqdj98jng5gesni6knksqtqikng80j7ss1v9hbkb,2024-09-04 01:42:34,swap,DOGE,0.26,Uniswap
0x5e6w66r9ywa34f02uxv0gyuupurblc6vszyw2trn,2024-09-04 05:00:33,swap,USDC,1.0,SushiSwap
0xngow55m5p0zet371u26tfj53ij2j81kyuaz3mtu7,2024-09-04 05:00:36,swap,DOGE,0.26,Curve
0xip1awsnj8pry12ww3d2alja0blie0rhhoeceu477,2024-09-04 08:23:54,swap,ETH,3322.35,SushiSwap
0x3cwah049om0idgayu11wz9b45dt3ehqre1u3pjqy,2024-09-04 09:17:38,swap,ETH,3152.43,Uniswap
0xswl7if3cl7qm1552rv9xbxduzuuensdcbfaehjzd,2024-09-04 12:13:57,swap,ETH,3166.73,SushiSwap
0xux56idgpq97q1h6ssq79xoa2n3nng4zzxh1sbx5v,2024-09-04 12:29:28,swap,USDC,1.02,SushiSwap
0x1vdbfzi98e37f8fkzvglu51jotgr9iyszmjnexvd,2024-09-04 12:58:25,swap,USDC,1.0,PancakeSwap
0x5vevy1uwud87pn80eni6ipm4b651g7rwt99wra99,2024-09-04 20:55:52,swap,USDC,1.02,SushiSwap
0x7tmnzpb4hm5ce7yl0ll4c8lj56dmhdjxrivtrsxe,2024-09-04 22:16:02,swap,USDC,1.01,Curve
0xiv52hudhf6yjq5z3o74qlzc0hg0tnaodchbqegde,2024-09-05 06:42:21,swap,ETH,3841.82,PancakeSwap
0xjvbx9qz6gda8bxkn908kupcsots157454batsmci,2024-09-05 07:39:07,swap,USDC,1.0,Uniswap
0xfkwn8ktb3hdc2sssk12vqi8mdpqlrey0qrb5s9nr,2024-09-05 11:13:30,swap,DOGE,0.25,Curve
0xzrhbiusukxc6xaiqjmm7k2oev9wv7s9ophsyciiz,2024-09-05 11:49:52,swap,DOGE,0.27,Uniswap
0x6zmg3jcxvna16xzf5ov2ty7xtk3o4zkuhd70lb7t,2024-09-05 11:59:13,swap,DOGE,0.21,Curve
0xd4ltrdl3zmoh4ya02skuobhxe2r4r7p6p88bcgcq,2024-09-05 13:07:19,swap,ETH,3888.75,Curve
0xhsvdiw1a4tkmcffat9yn9453dax36ehe887f3d08,2024-09-05 16:08:04,swap,ETH,3943.14,Uniswap
0x5xtbie9ginu4of94cpdfjdtdvgxubev6o0do28z1,2024-09-05 16:20:08,swap,DOGE,0.32,SushiSwap
0xqoisv2douetwb1vq5gsctvhkmf3fao4wlrxd23wi,2024-09-05 17:24:54,swap,USDC,1.0,SushiSwap
0xqpal9wp8zy9xg39qwksoppj9pvm56ezogdrbvz85,2024-09-05 22:40:41,swap,DOGE,0.2,Uniswap
0x1v902bcbrq2xh4yqpch556isud26ozqv5ig26595,2024-09-06 00:07:29,swap,ETH,3595.33,SushiSwap
0xykolwr75e43vz7ow9u1s22lk5jk3n8zbduvinjb4,2024-09-06 04:42:14,swap,USDC,1.02,Curve
0x7wl1kyfbu102krt0oa8feev5j0zuacs62poho3jw,2024-09-06 10:25:32,swap,USDC,1.02,PancakeSwap
0x3utsksku008pc25utc8tbv8i3su414edag7sdonm,2024-09-06 12:06:47,swap,USDC,1.02,Uniswap
0xncgagvsnbpsixn6oespsn15yrso29pturtq3a5ma,2024-09-06 14:21:39,swap,USDC,1.0,Uniswap
0x24zs31wkh6f7pq64h4w28rdzzhu0xr61lwy2di4z,2024-09-06 15:08:39,swap,DOGE,0.35,Curve
0xyxamm3rbgvev9usqxlzmu5qbwogk5iry713lknhu,2024-09-06 19:19:52,swap,DOGE,0.3,Uniswap
0xsa8l6yzxc4henqeki73czvq41p00hrz30hwgpdml,2024-09-06 20:28:35,swap,ETH,3854.64,Curve
0xvblympv3mq1wpkv1i2mbaxy5ejp9yq7ub1drqyf9,2024-09-06 20:36:42,swap,USDC,1.02,PancakeSwap
0xwqzck4u12m970ymg67c907aj6voylv4kdck142v5,2024-09-06 23:25:42,swap,USDC,1.01,PancakeSwap
0xpp8s9r4wut1np0w3g7kxasu8jwl5yt5f0tfr65zx,2024-09-07 01:13:39,swap,ETH,3388.84,Curve
0xi8fuuf917jfoulkggjis2tvkg7ea65l2j8s804t2,2024-09-07 02:15:45,swap,ETH,3116.06,SushiSwap
0x80xafck6fmdh6aypajpokb16ne5chmelj58y4wfb,2024-09-07 07:44:41,swap,ETH,3846.69,SushiSwap
0xalm5psr3axci51pn1ok3yrpkuj5qy2nzc9umb1k4,2024-09-07 10:55:05,swap,ETH,3967.08,Uniswap
0xsmaci0z1581omdcl3h8zdtkqnw7gfzislyj5q5nu,2024-09-07 14:38:29,swap,DOGE,0.44,SushiSwap
0xtia9cx4mols483js1fx02b8lnwdo9m3suh7t35dl,2024-09-07 16:55:37,swap,DOGE,0.39,Uniswap
0xjii99fjs9lmd7zgz4dhhfw80s76p6z709l5kqgwz,2024-09-07 21:06:19,swap,USDC,1.02,PancakeSwap
0x6htsxhywxehfygrgpo5kz3foa5hh6vrd8ihs4qyd,2024-09-07 21:15:36,swap,DOGE,0.2,SushiSwap
0xfzmpj1t8hkqs0owh55lr3f3uipexd3qehuwftbky,2024-09-07 22:14:30,swap,DOGE,0.4,SushiSwap
0xrsge0rj8740six3t8k8d3s67jmafdue5rrj76c5c,2024-09-07 23:05:51,swap,USDC,1.02,Curve
0xw7npqv8jb35s87vmvuz3cqux7bg75bbthpispl77,2024-09-08 00:28:46,swap,USDC,1.01,SushiSwap
0xuypqq6yx1x995deiuvjfx7h8562wanf09wscxzun,2024-09-08 01:18:01,swap,DOGE,0.2,PancakeSwap
0x7b2pdrhgeakr91tzbykrpah9r48dwz8hxti8if15,2024-09-08 02:15:52,swap,ETH,3884.27,Curve
0xn0fee79ci0y6c9pfpf3o49tsktgg5rdlt3pd1c89,2024-09-08 05:14:21,swap,DOGE,0.34,Uniswap
0x6d2f7mjrlao8gzqhhl5zkgcz539ki1n6qxbn8ujj,2024-09-08 06:11:53,swap,DOGE,0.2,SushiSwap
0x3kpg9dopwcwezmzz66dohqshvn5xyfwq9ioyiica,2024-09-08 12:24:14,swap,USDC,1.0,Uniswap
0xtbf4xhxu0658rnhlelglr1vnqj87tjf2ahmfan06,2024-09-08 16:07:40,swap,ETH,3533.83,SushiSwap
0xrg57mo1kwsnr95wbifc38uez7etdy23attyvzen2,2024-09-08 20:27:24,swap,DOGE,0.3,Uniswap
0xwruk3dehjqanutohd76za089bahhwfj273q1fk0v,2024-09-08 20:51:47,swap,DOGE,0.41,PancakeSwap
0xfe5rzl2o0g2agat7xrzl5ra91jgvtrhdtsa3k330,2024-09-08 22:11:14,swap,USDC,1.01,SushiSwap
0xiqdeo8j9tsg3ingakgdarwrgoo2w80pn91csoqfq,2024-09-09 00:31:04,swap,USDC,1.0,Curve
0xjxnk7w1ry87wktsjtrcnyrekfym3rqynndsz8kez,2024-09-09 05:45:33,swap,ETH,3708.62,Curve
0xvn7ha6by7dz3vq6saxdi3cyc6rsiwx84al497opj,2024-09-09 05:46:43,swap,USDC,1.02,Curve
0x3b1jw66iuzenlkf1h3pfeds7y89kn8w0txmwdsap,2024-09-09 08:46:32,swap,ETH,3155.19,PancakeSwap
0x5fy0ej6k7fxrqsk964pc6n3fnbj6jbe8kd0aqdqs,2024-09-09 10:16:11,swap,ETH,3787.75,Uniswap
0xwgfnfqyslqr21qjr6ct8u9io3ukzcq7ip8ep5wmr,2024-09-09 13:09:01,swap,ETH,3868.07,Curve
0x7w3fem05s0gnua3x6evicep79yr9t0ned0mtrihx,2024-09-09 14:36:06,swap,USDC,1.01,Uniswap
0x1wgokup4ck1vk0t06krtjl8ketr8koa00y0xp6i9,2024-09-09 15:03:15,swap,DOGE,0.18,SushiSwap
0xgyghpif2witbhcbfdy0szq413hghfd24ywvuz1d4,2024-09-09 21:20:00,swap,USDC,1.01,SushiSwap
0xzhcuzdsaapvhoxqwhqm1fur6vi31f81r7ql1hfsn,2024-09-09 23:48:33,swap,ETH,3985.62,Curve
0xvjkyi9cgbgv10uvnl3tbq0m0hntr1v55l0tbeafz,2024-09-10 04:57:56,swap,USDC,1.0,PancakeSwap
0xks9505uazcx1wcs2v2u9hi99169iqykio6f9v308,2024-09-10 05:40:17,swap,DOGE,0.44,Uniswap
0xyykqkmlaqsify9930ejumwl4hqatxrwmuccaj0ln,2024-09-10 06:45:36,swap,USDC,1.01,Curve
0xdr28ra8jvenu74j6upcb9vy1sa34bkca2laqi356,2024-09-10 08:17:37,swap,DOGE,0.22,Uniswap
0x03h0dae55pjgcha754c40ycshng0c1j4vem94ciq,2024-09-10 09:34:13,swap,DOGE,0.36,PancakeSwap
0xstit3jgtw7oslftcmzii2upyoum7lbf9q3lj3pxr,2024-09-10 11:21:44,swap,USDC,1.02,Uniswap
0xzlwdiwhbc9qbdm09y4b6iryinfo1xv66wqf7emv6,2024-09-10 13:04:21,swap,USDC,1.02,SushiSwap
0xu2oertmvh3hakk1gw37e4vuef3g8jxs5waz0pr15,2024-09-10 16:51:40,swap,ETH,3667.6,Curve
0xwvn66yzanyme4dtmtg3mevgpjms7h3sngj653jjo,2024-09-10 19:21:47,swap,ETH,4034.66,Curve
0xdzskuccrep2b7thdp506hd0xnzjbg1uq60tk9t0s,2024-09-10 22:18:13,swap,ETH,3129.23,Curve
0xhn4rrxvbq17k74zoq836iovogj1iwqpau4pwih5d,2024-09-11 03:07:07,swap,DOGE,0.35,PancakeSwap
0xpczk3joyop2zwqg59ze07d5d4y9hu5ktll1dyuij,2024-09-11 03:32:17,swap,ETH,3855.95,PancakeSwap
0xucle1aoaq9he5m0628vee8s0kp8i28t0gm96cjdg,2024-09-11 05:12:53,swap,DOGE,0.19,Uniswap
0x79nbotih9kl33apmtilob5eeeoitc575ht224oli,2024-09-11 11:42:37,swap,ETH,3518.11,SushiSwap
0x4slaz0khvsm3fvaozjlb1w0hf0vu8quu5fgmbsvh,2024-09-11 12:36:09,swap,ETH,3523.7,Uniswap
0xrt4mzmlgxvc37p3cvxzkbw763oczz8b03ep124q7,2024-09-11 17:05:52,swap,USDC,1.02,Uniswap
0xlbhcf6y793wcop5ksc209n0ug39n9y4kdsewo5ud,2024-09-11 17:07:16,swap,DOGE,0.29,Curve
0x09hc5ggvz7f9n45fhfwlsl50a2a9710oyi3icfcn,2024-09-11 21:36:31,swap,USDC,1.0,SushiSwap
0xjr2q1nlx0thsr9iu4by90395u9s8jm76orxpgj1l,2024-09-11 22:07:14,swap,DOGE,0.33,SushiSwap
0x8j23v5zg6rjjcxj152lfr8rowns8vrccusf7cpnr,2024-09-11 22:48:05,swap,DOGE,0.2,SushiSwap
0xgrplqj5oxlslc7y49v86egagwpui254agy6ci1x4,2024-09-12 00:00:29,swap,ETH,3306.45,Uniswap
0xt6uaqord780cdr51o0k1jkof158za6bu3c11sjuz,2024-09-12 02:49:36,swap,DOGE,0.37,Uniswap
0x8ybpu7w1zava9v3hmedaaps2cl1s2z8iykbz9pin,2024-09-12 05:57:48,swap,ETH,3156.68,PancakeSwap
0xi9qdheehqgtfk7cpqlacq5f0aubx6znc32b3zt4h,2024-09-12 08:05:05,swap,USDC,1.01,PancakeSwap
0xi66t8n9ujuwhkq44hrxcr6v5jpurq5ja6ia75q32,2024-09-12 09:17:17,swap,DOGE,0.16,SushiSwap
0xp6dh6xthcu2db2fbik4i5zu68dtcstw3z8nw62zs,2024-09-12 13:21:53,swap,ETH,4056.76,SushiSwap
0xblf8rinct7a6vgqcemk1zm7um3r9w53yelu7rayq,2024-09-12 13:45:20,swap,USDC,1.02,Curve
0x5lbsatvtesf7ugzoxk13cxx8zdiln409iw5tpnoh,2024-09-12 17:47:53,swap,DOGE,0.27,PancakeSwap
0xcuobu80bovy0p2mydyxl1eknmr6v55dhv6z4ytl7,2024-09-12 21:20:34,swap,USDC,1.02,PancakeSwap
0xnb0jezfr2xpe9ypnp6efexhmeenskfjd8mw4fxtr,2024-09-12 22:53:40,swap,DOGE,0.16,SushiSwap
0xzivtqzj2casp2hgfmfkdet3gg22r8i9yv1yb1ovg,2024-09-13 01:05:41,swap,USDC,1.01,Curve
0xjtr6aq8qmms7rh57nzxs9la4o94bgbksgijydlls,2024-09-13 04:17:28,swap,ETH,3338.82,Curve
0xva2nvdjgrgbub2jhxjqpud9tuva7az4hw6q141x1,2024-09-13 04:54:21,swap,DOGE,0.26,Curve
0xm3buf5h8conqlwxoysno02s8mdfpgi5gdmf5yyad,2024-09-13 09:00:47,swap,DOGE,0.32,Curve
0xh4bf2gmlf07wno6qgr2wt4yfkq164rzznlquohtj,2024-09-13 09:19:57,swap,USDC,1.01,PancakeSwap
0xfmhbkd81z96q4dq84lrv9e0rywqzqs4v70qbndh2,2024-09-13 12:09:53,swap,ETH,3890.67,PancakeSwap
0x9mn9yieo24zo0tc5b25hy7l2s98wju2cu84giw53,2024-09-13 15:02:52,swap,DOGE,0.4,Uniswap
0xv5n1xaqhgk7etacmdkgnen3gprp2836p3vg9nk0u,2024-09-13 20:35:10,swap,DOGE,0.2,PancakeSwap
0xgroukwnvoqn43hzj7u4h2tb425l7odgo97krdlqg,2024-09-13 22:07:54,swap,ETH,3866.92,Curve
0xmv4bxpwsng1yq5gc8isa22kqbuqe6hjad9y4l9uc,2024-09-13 22:35:59,swap,USDC,1.01,Curve
0xdcnwv4ipb0xujimwjt1xreygulfnzadtk543r9z3,2024-09-14 00:12:10,swap,DOGE,0.2,Curve
0xkltb4jpbsetvj1t725tgzmvt5anyb1twypiko4ka,2024-09-14 02:25:40,swap,DOGE,0.19,PancakeSwap
0xqcenscpstw1rnn6wntlts9nknxl4rdsg36tz7z7y,2024-09-14 06:43:07,swap,USDC,1.0,PancakeSwap
0x1vnblidcye3b3sffnw00vut7wi1bpdg7n70227x2,2024-09-14 07:45:20,swap,DOGE,0.3,SushiSwap
0xe0d1z7bgrekji02ild0nl8huv1zls1g45w7me54c,2024-09-14 08:55:03,swap,USDC,1.0,Curve
0xsy2v0a22t5sz6bnft322cwbbvevrnbxzbu7mrl8r,2024-09-14 11:16:22,swap,DOGE,0.27,Uniswap
0xu9m0smva6lv97nkmn1nqd9eine4q610wrhw3syo0,2024-09-14 17:16:05,swap,USDC,1.01,SushiSwap
0x0y7g2ey9ddvya98r7v8wkquh2z4sst83mki4x1n1,2024-09-14 17:18:13,swap,DOGE,0.16,Curve
0x2cdi4do1z2g21zjxzmsu7u3uikf3sp5igley8s0k,2024-09-14 20:06:46,swap,USDC,1.0,PancakeSwap
0x8xy5vyd2qin4jcgzxxwscaqexcpj3ruz8s97cfea,2024-09-14 21:41:42,swap,DOGE,0.32,Curve
0xpjfmylk9i52vgbxg8ix6onzzw3k1ykghalg9mpy4,2024-09-15 00:24:45,swap,USDC,1.02,SushiSwap
0xkzxkd9zja90qpvfe49y0ej6l9b7h53j03mubn9da,2024-09-15 03:37:52,swap,USDC,1.01,SushiSwap
0x45fi2to6m2qg5ed3npe8vpgbwyaz1fx9l11qq8ex,2024-09-15 06:07:24,swap,DOGE,0.24,PancakeSwap
0xn5zzzi8n0dn47g8zwmq9vqvauofja63gb0w8knz6,2024-09-15 07:00:02,swap,USDC,1.02,PancakeSwap
0xmagteb827h9sk8468wr6dnl17g59exoyyays02j1,2024-09-15 07:21:14,swap,DOGE,0.45,Curve
0xe8ntdx2vf0mj0xws12i27d4dtgkt9574zpolloc8,2024-09-15 09:30:30,swap,USDC,1.01,Curve
0xche5lyfcehqou0bpaowpzrnfc12c6sstgmpz4pah,2024-09-15 14:42:46,swap,USDC,1.0,Uniswap
0xucutul9lti9rd8jozbtjh6n7yz55ybzh1id96mjb,2024-09-15 20:38:24,swap,DOGE,0.36,Curve
0xihcea1wntu97mnlgvzmcjarsiminfi8znraappfr,2024-09-15 23:18:45,swap,ETH,3328.1,Uniswap
0x2491d9z9bc1gwigbtbszjdpse10byqee8r2c6ysf,2024-09-15 23:28:06,swap,ETH,4055.01,Curve
0x4n2lvwsm2kyiwz0at8sf778zdxeqxosanin8tqgn,2024-09-16 03:15:17,swap,ETH,3248.09,Uniswap
0xvauftpfwpxlflok1rigqrj5j5a5wgbbxkvuh1l9n,2024-09-16 05:17:48,swap,ETH,3962.15,Uniswap
0xd8de42cermm18rc2en8zzgrnydh6yihg40y06qzp,2024-09-16 06:29:49,swap,DOGE,0.24,SushiSwap
0xvg2fkvf5ettuz5k4je3iypiltbjzwgsaw6zzgpiu,2024-09-16 08:52:51,swap,DOGE,0.21,Uniswap
0xqzebkpdyxx6py4be7drmic5eg5bze96w6k3hmaz8,2024-09-16 10:34:49,swap,USDC,1.01,PancakeSwap
0xcu22fne8cfq77gtykibmh8o7np43mug9393b249j,2024-09-16 10:53:17,swap,USDC,1.01,Curve
0xrmht8ixe96zkqmfvnll15qfwz92bsyi9bg7o1lbe,2024-09-16 12:25:38,swap,USDC,1.02,Curve
0x3ucs2ik3yzamcl6p1wsw67ixwnseg9150y686rzm,2024-09-16 14:52:31,swap,USDC,1.0,Uniswap
0x3pte278dj11352kvdorvd1lx2282k2qb0vdi27r1,2024-09-16 15:56:00,swap,ETH,3313.39,Uniswap
0xr2dl9rbsw303tfmzahamy45s9l1dqxhc1ym2jv2t,2024-09-16 19:43:24,swap,DOGE,0.27,PancakeSwap
0xtji2yin5968fytdi3nmzwyhpd8as9g0o2lkoke18,2024-09-17 02:12:11,swap,USDC,1.0,Uniswap
0xrsl82xoctv73rr5ey73m2z8l4upao2mq0xe2bs8b,2024-09-17 03:38:42,swap,USDC,1.01,Curve
0xpqex4aw9386y4gk56z0muh1ab15ipmf4xpkhb17l,2024-09-17 06:41:46,swap,ETH,3312.42,PancakeSwap
0xugx840ln211clj79vux5lt1bmtyh6vwjwfghu112,2024-09-17 09:20:20,swap,USDC,1.01,Uniswap
0xvum3p9ygc169ae9twoc5u5iifhurotwthdnilg11,2024-09-17 09:57:21,swap,ETH,4075.84,PancakeSwap
0x3n47eq8jbtnwy68k8rqu4l2ap2t2g7ons936foz0,2024-09-17 10:51:25,swap,DOGE,0.37,Uniswap
0x9ei7jzmu9vf3vfafskc0ee4n6qa2rru36d6ueqn1,2024-09-17 12:08:18,swap,ETH,3413.97,SushiSwap
0xqnx1iql6rmahy0amgqddq88qs21x7wdd4xrn3jiu,2024-09-17 14:45:03,swap,ETH,3173.48,PancakeSwap
0xsiwg93yx8ebeiajnbtdm17f5vy0ql4q9bnz4j7dv,2024-09-17 20:53:49,swap,DOGE,0.41,PancakeSwap
0xov8ogidyqrvg40n1nfuscx098hfdidlpvaxx6a7v,2024-09-17 22:42:15,swap,USDC,1.0,Curve
0xypmz936p3o5a13ekdiarim0xvhis2e984o3ku0d3,2024-09-18 01:23:32,swap,USDC,1.01,PancakeSwap
0xzdoe1m5x9xsv248iv4zaczunf5qi192qn6g968m5,2024-09-18 02:18:48,swap,DOGE,0.37,SushiSwap
0xsbv8gexe5t42v4x4bmgbdlhifyqtf4jtw4txt76c,2024-09-18 06:58:10,swap,DOGE,0.26,Curve
0xaw1t0jkffxmjgrpjnl382dn7lobkx4i2ivmfpmpz,2024-09-18 07:16:30,swap,USDC,1.01,PancakeSwap
0xayt0f3k9d6zywd8dd2p5f7fu9nxwkrj7v4jhrldm,2024-09-18 09:27:52,swap,DOGE,0.32,Curve
0xi5jb53aaphj4x0hpy7bg4p3rtxi3ezrs4mqy9vm4,2024-09-18 10:38:09,swap,USDC,1.01,SushiSwap
0xdcw4j18duglfh8gu1nv9ye98aflwaowcubzy8bdp,2024-09-18 10:43:15,swap,USDC,1.01,PancakeSwap
0xjtisba5zhms597hpj7jlnn6h6jd087aqnu2uk8g1,2024-09-18 14:50:09,swap,ETH,3253.09,Uniswap
0xhuqg341e3utfrk1019gaz57lrrxw4jm0r2nfacaf,2024-09-18 18:01:53,swap,USDC,1.0,SushiSwap
0xo2cjdvqgxjfo2lfofszoygvxk318w7czi708ujz1,2024-09-18 20:10:54,swap,ETH,3282.9,SushiSwap
0xcjhnveeziao2unzr3cd0o5ka0y6zja46a8kitb2x,2024-09-19 01:31:01,swap,DOGE,0.2,PancakeSwap
0x7bcnzsgpcsqek3mshy9xfvjjzd6bprc85vhq8hxg,2024-09-19 01:33:37,swap,USDC,1.01,SushiSwap
0xqfb2bdw9fj1rtn2brp4hy0ou9rjby254nqr0zzbb,2024-09-19 03:50:55,swap,DOGE,0.39,Uniswap
0xbfoxe00lf22evpekq1d6qg4rdt4glfzrd4pydje6,2024-09-19 04:12:32,swap,DOGE,0.16,SushiSwap
0xutxoc7twum6o6sf7m9i85yqqsu8c9crla5fybz0r,2024-09-19 07:13:35,swap,DOGE,0.26,Uniswap
0xk3v3c6ovryzyqe4r5khz974elylha12q0aphze4p,2024-09-19 11:59:28,swap,ETH,3760.64,Uniswap
0xm2wwvym4kg7ai7bmhw4jx1sk90uaa2ytlalvjw0c,2024-09-19 12:35:12,swap,DOGE,0.35,SushiSwap
0xf9tmhssi05tcqbkafmvv2lg800o18dz772cgi8k2,2024-09-19 13:59:28,swap,USDC,1.0,Uniswap
0x3ynjr684gloquh3i2751y7qpb111fjojgkxxmtnz,2024-09-19 15:40:14,swap,USDC,1.0,Curve
0x0jgt2s4yvdcsgnzlhb3uba51q0s3may59j36zus4,2024-09-19 22:28:01,swap,USDC,1.02,Uniswap
0xwprxpaj9gmvpeoicb1meyx7fhsmtk41nf74jsmzo,2024-09-20 01:03:45,swap,DOGE,0.16,Uniswap
0xe3p7p80qwrcivklt3sjf4r2h7e1jscw3qny2fq65,2024-09-20 01:40:17,swap,USDC,1.01,SushiSwap
0x1a5elbuqhllzgwui844tal07yd7vdoyxpr6fm9q9,2024-09-20 02:51:42,swap,ETH,3771.37,PancakeSwap
0xcmrsdjfj5gll2i2rspylxmgfy6g4dish1m393y00,2024-09-20 04:25:15,swap,ETH,3346.17,Uniswap
0x33qpt4jql7sfylntnmkkvuc4vkqnumd35dh5pozp,2024-09-20 05:19:24,swap,ETH,3758.33,SushiSwap
0x7kgrmzgj2wzfpoaijdz0za4oma2k5q9tct143rw5,2024-09-20 06:52:13,swap,ETH,3762.78,Uniswap
0xp4y0tsh9iyk75s7i24s48t916cmdoptvkn6vzh1g,2024-09-20 08:31:24,swap,ETH,3389.67,SushiSwap
0xk14oa5g4ku6r34mloda6mdz6nkzz5v1u3k2qz87a,2024-09-20 08:48:46,swap,ETH,3613.95,Curve
0xxrpx3e0hkhgd5tvdsue30edpdcvavmv6571k5l70,2024-09-20 10:04:49,swap,USDC,1.02,SushiSwap
0xr1jbcpgj0bredu2x8krgr55i7tp14ut0crn76h8p,2024-09-20 22:48:18,swap,DOGE,0.28,PancakeSwap
0xc5530pi4z03x6j8dv0t2prwouyw5kl25hvx12ycu,2024-09-21 03:24:31,swap,DOGE,0.17,SushiSwap
0x3x513o8sopaw6uotcwhsj3t3wlwm5ytysjnlvfo8,2024-09-21 07:50:21,swap,ETH,3368.12,Curve
0x0bs14lpiuk52zoonvcne1ae4naushsm6tsoh2bwr,2024-09-21 09:30:34,swap,USDC,1.02,PancakeSwap
0xo4dquvaxc7n3ta3m4057jd28ny2emtwtwp7uj838,2024-09-21 10:44:07,swap,USDC,1.01,Uniswap
0xu5z1y7amnm54pzad48zx97ezldq9wgjbnts4c2lp,2024-09-21 12:46:47,swap,DOGE,0.25,PancakeSwap
0xkd1sl990hmyzybcpcz8g03htm6to2eghtf0utzm3,2024-09-21 17:28:22,swap,USDC,1.01,Uniswap
0x8fu15nheei9krrx56me99n6iissyho4uhb69ghf8,2024-09-21 20:26:44,swap,DOGE,0.4,PancakeSwap
0xynrsygz72zgp06e2bmkz5eeff5glimzfjlo462op,2024-09-21 20:51:38,swap,USDC,1.0,Uniswap
0xoqneclql4ubi8797wbzq5l5dk46l8vnu7uoxg0rs,2024-09-21 23:26:33,swap,DOGE,0.3,PancakeSwap
0xdrv2g4prvl42of245qw813nw6unvnsmbe1xi9jfr,2024-09-21 23:52:06,swap,ETH,3329.68,Curve
0xttz3if824bozhjsh3lpnuf0gu06o8yrlvncarb81,2024-09-22 03:17:15,swap,DOGE,0.32,SushiSwap
0xj8hs0hxbeg93a4p9duc6w29crh1a6uikzlckbf9q,2024-09-22 05:02:07,swap,DOGE,0.15,Uniswap
0xbk9q8zp3e9kzty0t7m8p167gx80pjg5pumxnxa09,2024-09-22 06:19:59,swap,USDC,1.01,SushiSwap
0x2n7t3qjfgbfupenndxkp9us1jq6ejqfj8y4fs8hb,2024-09-22 06:51:50,swap,ETH,3853.84,Curve
0xr1osv9x548hghan5t5y36060e0cl5gw08l0of15b,2024-09-22 08:22:58,swap,USDC,1.01,SushiSwap
0xslrwsvv6wekuvza6nfgocycxnuyj1ez5ozw40i8c,2024-09-22 10:57:18,swap,DOGE,0.41,Curve
0xf55li01798m7fv5dtco53iauuhq5z27xx6v2eosl,2024-09-22 11:27:05,swap,ETH,3343.89,PancakeSwap
0x9bvhh2p5ry5nygw2hhr8mupulw4hf38dmm2ivsxu,2024-09-22 11:52:16,swap,DOGE,0.19,PancakeSwap
0xuhs69ngf2h9qrsj5kq4xhl7pbl65pqy1w3frzaiw,2024-09-22 14:18:37,swap,DOGE,0.42,PancakeSwap
0xl53gymeb3xfdv33h823f393firhhnienzho350sz,2024-09-22 20:09:49,swap,ETH,3485.32,Curve
0x14dsz2qnnt3j870czg672s6pmzg1ukg20ng08h16,2024-09-23 04:29:36,swap,USDC,1.0,Curve
0xsmri19cgobgy02ta6fsdnc2gokw75dbesk9svbeq,2024-09-23 04:54:51,swap,ETH,3665.55,PancakeSwap
0xgadq1oahoajzuat5fz2w9de75le1nzox64ud98kx,2024-09-23 05:31:16,swap,DOGE,0.33,Curve
0x7rrsvx1ecuznde7tau089skuop25kn18v6fnlso2,2024-09-23 10:24:25,swap,DOGE,0.28,Curve
0xxhazmlp7x3ostgcs4ba86ebrzj50anwgfm9ofruy,2024-09-23 13:25:34,swap,USDC,1.02,SushiSwap
0x395nnhzy02m0w4a3kgb0hapnxxlzyozg7bkfbt17,2024-09-23 14:54:15,swap,ETH,3936.56,PancakeSwap
0xw9741b0fyeanjeae51ga7khy5gzn1dzhxcq2fwps,2024-09-23 16:17:44,swap,DOGE,0.27,PancakeSwap
0xsu0hqwmgsnrbdsfm9wvy3so9rvfk0ob2dceshlts,2024-09-23 16:43:07,swap,DOGE,0.36,PancakeSwap
0xopl66zkvqra4k2o6e2yve88a2kb36noai32prnhg,2024-09-23 16:56:17,swap,USDC,1.01,Curve
0xo5z8bcp4qevj6jj4kyiaw37ti39pgv0iv2zuvcmt,2024-09-23 20:10:29,swap,USDC,1.02,PancakeSwap
0xojrao52aq3sp6sje998uwxmnll3wje9x2uxtok40,2024-09-24 01:18:51,swap,USDC,1.01,PancakeSwap
0xp6gye7ow8udf9ojzes5bbg0rad0rl0hf897saojg,2024-09-24 01:35:00,swap,DOGE,0.2,Uniswap
0xg0i87oc96co07roui5f6uo9yvmgv8namxx4fmcr9,2024-09-24 09:39:21,swap,ETH,3263.13,SushiSwap
0xq73sn9rzdc4g8lkuennugbl3jkhjeel7glgumcdx,2024-09-24 10:15:38,swap,USDC,1.0,Curve
0x4iqxvjhvxd0kj7o0rtgeyqnhbyzitsplfopzrra3,2024-09-24 11:17:54,swap,ETH,3688.54,Curve
0xjt511dx2y77q29qerla6w1egf05nacystpwiumyy,2024-09-24 13:06:52,swap,USDC,1.01,PancakeSwap
0xu2qnxhkoxuil0mjisk2wkfiq5h1d8v10yzeaurrl,2024-09-24 15:28:05,swap,ETH,3620.79,SushiSwap
0xz570diml9dqekkn2ri42luhl6yvoeybthneqrsne,2024-09-24 20:23:23,swap,ETH,4029.9,PancakeSwap
0x5e2cfbb6kdpd14207t9ey95o6qs42q2tr745b9g9,2024-09-24 20:32:21,swap,ETH,3577.39,SushiSwap
0xl842vbx9xi47ndshdhlfsnz137usvd849b3esrja,2024-09-24 21:37:23,swap,USDC,1.01,Uniswap
0xs343epossydw40orjozsaoglp2uwi7ph278lm2am,2024-09-25 01:04:00,swap,ETH,3910.01,SushiSwap
0xnv05lz4qssgdukkyd0k9p65ftd9ae6yy8e8lsd6d,2024-09-25 02:00:14,swap,USDC,1.02,Uniswap
0x2fh0jzwzt5iqnywxhmitgsbms5nylcji2b3yq62y,2024-09-25 03:31:58,swap,DOGE,0.23,Curve
0xq0950986k42430pnrguj52zg4p4v69x9n0mb21u6,2024-09-25 05:07:40,swap,DOGE,0.34,SushiSwap
0xv6wjs1tbohslb8d45bz8n59lamcp81wry2qvnylz,2024-09-25 05:49:06,swap,USDC,1.0,SushiSwap
0xnjhx0vnpjw9i1y8t03yparzmstrc93e4e77hf7i9,2024-09-25 11:22:58,swap,ETH,3463.13,Curve
0xqwb763dqeqbbcfjl76ufxpx7pd4mgot1c8ifc7br,2024-09-25 16:01:39,swap,DOGE,0.36,SushiSwap
0xkbs85odymw7wba970tf6j36iqu1bzm5ibpkppwoo,2024-09-25 21:56:04,swap,USDC,1.0,PancakeSwap
0xzbqczx3iqrrys4cahz18tc5gqhaezh7ejvl7074f,2024-09-25 22:08:38,swap,USDC,1.01,Curve
0xv03sn4f679n1t7s538lkttru284kf5eg0psxqth6,2024-09-25 22:33:11,swap,DOGE,0.4,PancakeSwap
0xqxo0s0lwonr5mvn0g3yjw6xdytgkyf4twj6etob2,2024-09-26 01:09:28,swap,DOGE,0.25,Curve
0xb9sz9rzuimz4l873ylab1rbdp2izrijiy2ozv0wu,2024-09-26 01:48:25,swap,ETH,3820.82,SushiSwap
0xvr5xpdhc0nh5eiqqqs8vfshxang9ubm79yy84hjz,2024-09-26 02:56:31,swap,ETH,3489.98,PancakeSwap
0x5k8km1hg80xwye64yte8vjfhhgz8fyiwaee2vbor,2024-09-26 03:10:11,swap,USDC,1.01,Uniswap
0x9ht8krb1ewlx19si3fwfiwlweck9en5k9aa91scy,2024-09-26 05:22:56,swap,ETH,3597.7,Uniswap
0xfj02ogmad3w2l3vore5bu6lwoof4p4hz2fy1za2l,2024-09-26 13:23:58,swap,DOGE,0.33,PancakeSwap
0x8rq22nq01inqyh67edmv42yy3zzqo2m12ajhts2q,2024-09-26 13:30:30,swap,ETH,3172.86,SushiSwap
0xv8lx7u38xw94b9fniqr5shbtzw7z779hlwmpfpd7,2024-09-26 16:38:27,swap,ETH,3736.25,SushiSwap
0xmvyetk46xcsx0y8ffl334w14vyn10yxe1a6hlbyq,2024-09-26 17:21:34,swap,ETH,3471.13,SushiSwap
0xni8jo32vbyrosd4400abwklnuzag6faezbztvx8t,2024-09-26 17:42:53,swap,DOGE,0.23,Curve
0xcomsipar70jxa9y6nw5nh6b6ei88yv2kxk0sfkto,2024-09-27 00:50:31,swap,DOGE,0.21,Curve
0x4q92ks6lfg0ah2m7s671ok3o1vbgt5v6jrrgoo43,2024-09-27 02:16:49,swap,USDC,1.0,Curve
0xbl7aji2utdson3xwbvurr295k6ds2ehbs3dcxpwd,2024-09-27 04:02:16,swap,DOGE,0.18,Uniswap
0xzcehvncp97g2vjk4ajo1bnx3gbzurb5rfytm3ceo,2024-09-27 08:54:03,swap,ETH,3355.66,Uniswap
0x767hdgujlpd35pmtp86gwg2bs89dtjawkq3sli8p,2024-09-27 09:15:29,swap,USDC,1.02,Curve
0xktwc6s389x8tzs43zbzfn61uad3u7y9jh3om03j2,2024-09-27 17:18:32,swap,ETH,3431.39,SushiSwap
0xsa23uw6xcapj2rp3kz4qd5jez2peru1hdl7pqb5p,2024-09-27 18:54:41,swap,DOGE,0.4,Curve
0x4z7gf18cw9fi1xjflkpvtl5n732k0xzhai3a7der,2024-09-27 20:23:03,swap,USDC,1.01,PancakeSwap
0x1yeqnh8w16afy9obzmy22wxphdz3wwwhsvzhbobv,2024-09-27 22:52:25,swap,USDC,1.01,PancakeSwap
0xtg494bvgck2xky5u50qdlypo40zyiwqkvho8yufl,2024-09-27 23:56:42,swap,USDC,1.02,PancakeSwap
0xwwjui16m5r7bw7fx53o45asbfzj8s5rwmmu996u3,2024-09-28 00:04:09,swap,DOGE,0.41,Curve
0xujv4aw9o307j0ixojmbne9l4sfn34owj5fa484bt,2024-09-28 01:21:31,swap,ETH,4051.42,Curve
0xbjjf9rpvqsn56xxihjasmjp1ceyup0matv629kff,2024-09-28 07:15:48,swap,USDC,1.01,Curve
0xbor5dipdnibi1dklnooukpph6bqz26q3ibjvnycn,2024-09-28 09:56:29,swap,USDC,1.0,PancakeSwap
0xglg6c5im5yn587ctauxatqe0rcm326bepmye2fzs,2024-09-28 10:55:29,swap,DOGE,0.35,PancakeSwap
0x8qw5gtd6tf7fs4g38km7szmn55utlbwheraju2ic,2024-09-28 11:44:26,swap,DOGE,0.37,SushiSwap
0x9174o49rylx9u5ezh1polc72xc8whjp2yi0bp55g,2024-09-28 11:49:39,swap,DOGE,0.28,PancakeSwap
0xfc3ax1f1bcdh8lkaf4d1q80okuzyp49nkyeq7ntq,2024-09-28 13:56:22,swap,DOGE,0.25,Uniswap
0xvchsrl9y67wv65s4artgdk59xbcz28x4kwt0etw5,2024-09-28 15:50:32,swap,DOGE,0.22,Curve
0xc52yxuro3rtkt4682kntdqt1ahahpktmfy95wugt,2024-09-28 21:04:04,swap,DOGE,0.42,Curve
0xq5mjv9e26v4fxk7vkl6urkyv1plgo02jf5h56rb9,2024-09-29 00:24:23,swap,DOGE,0.21,PancakeSwap
0xuu9j16apn5q8b35xmjnppugdmg62vuvkxfkl0xex,2024-09-29 00:32:54,swap,ETH,3857.42,Curve
0xqyifglco283xrcuc54u4d0fvevl9xh933hwbr0at,2024-09-29 00:43:56,swap,ETH,3700.07,Uniswap
0x2m1ug4wdn7p4h5fnuwzamawl4f01sw4j972yai9p,2024-09-29 01:28:25,swap,USDC,1.01,SushiSwap
0xt9tnn1qdzb5axzihntz0kej0b97bylhtsm8kkshf,2024-09-29 06:23:53,swap,USDC,1.0,Curve
0xwx1u3zxp7vqs31rmmc38dukovgeywb8x7nlyl0gu,2024-09-29 15:07:15,swap,ETH,3505.56,Curve
0xdgzgdzhgple73x78e6b0iqzbezoe780ee29oyxt5,2024-09-29 17:49:57,swap,USDC,1.01,PancakeSwap
0xs0djyni1fzsh64xoi688o20becqjjkwxh9qviwyz,2024-09-29 19:43:36,swap,ETH,3769.75,Curve
0xoi8yasspc2z9nly4f01omuymcakba938ylny4svp,2024-09-29 19:45:56,swap,DOGE,0.3,SushiSwap
0xmn3t0eryk4bqpo5dwoegf658g6qly7dlohfwuv7u,2024-09-29 22:51:55,swap,ETH,3578.36,SushiSwap
0xn41hn5pqj34kgbohaxv1c9zdvnlrotz3pqjgcu69,2024-09-30 09:14:28,swap,DOGE,0.26,Uniswap
0x5bz5pfie9xdq9zb0jwo6qlktvyxxbv8xfr34h3tj,2024-09-30 10:00:02,swap,DOGE,0.18,Curve
0xiaiscrmgvv7xy1gcdj5pxgbfvlode3x2trsgxrkz,2024-09-30 15:30:18,swap,DOGE,0.21,SushiSwap
0x1diuupowgwoz2g426wz207pb79mo9orhs3z435ue,2024-09-30 15:51:42,swap,DOGE,0.16,Curve
0x94jzbgki3azpiaphn5wg303aw4ya7ny8vnpbnvvu,2024-09-30 16:24:24,swap,ETH,3205.28,Curve
0xy6lyh1zz2lmvm2ed99u6396bkc1xl6ejblnxxvoi,2024-09-30 17:13:53,swap,USDC,1.02,Curve
0xpcceb3ty7cvquvhpscph079gwz6v061nf4cotqfh,2024-09-30 17:38:03,swap,DOGE,0.42,Uniswap
0x7km84lrqamgbet78a709fxkpz8bpgz9fkkgmbnxe,2024-09-30 20:27:36,swap,USDC,1.02,Uniswap
0xr8ptz2l55qd2vjxaeiu4vrhqmckru4juc6f3qh4w,2024-09-30 21:15:28,swap,DOGE,0.44,SushiSwap
0xggrr6wszhcqf4j5f8piyrflfv171xf9cdts1pewq,2024-09-30 23:23:09,swap,ETH,4090.84,Curve
0x59ecgxcf3653mhdxmcxgmm6ujdiutygca0t7h557,2024-10-01 01:46:30,swap,ETH,3679.59,Curve
0xtsmsrffzcj8ubrmpxca4pn8vmxz8anixmdga7tcc,2024-10-01 10:36:56,swap,ETH,3445.62,SushiSwap
0x9h08265weulf1juo4fhsbvnqvpm8hadbvk7xg9a9,2024-10-01 11:07:49,swap,ETH,3880.73,PancakeSwap
0xqa9vkkqekfffy5kb7vi4dub5idboby42z9ijjq44,2024-10-01 11:42:43,swap,USDC,1.02,Uniswap
0xad4ymzmadupwdgi427p1oeeuwpm08u2gkqcuhxp9,2024-10-01 11:57:38,swap,USDC,1.01,SushiSwap
0xy31frenepw2u2xnuios99heztgavgmbrks0q8th9,2024-10-01 12:29:45,swap,DOGE,0.29,PancakeSwap
0x2cw726ltampbof6dccpbjrqvhg08g8epjcibphfa,2024-10-01 18:43:14,swap,USDC,1.02,PancakeSwap
0xs4kv69ck0p1cs1htho2um9v3s2maqt5kfs6albe0,2024-10-01 20:45:58,swap,ETH,3256.17,Curve
0x9y3w8qhi8n9u1fwd0m90a6c5lprw3lazk69my9kf,2024-10-01 20:47:22,swap,ETH,3191.88,PancakeSwap
0xclfcx7tz3pm5ew8rbo8znxmzin838g6obrducqos,2024-10-01 22:32:11,swap,USDC,1.0,PancakeSwap
0xdt64aawejzqlrum5i7a1jzt17nap5al9dze0ny25,2024-10-02 01:32:49,swap,DOGE,0.37,PancakeSwap
0xhic00oal35wecfoke6fiz2ozj9mmf4211jpdc0rg,2024-10-02 07:49:09,swap,ETH,3875.62,PancakeSwap
0xmv2hki8fprmmyrzgd16kmcpz4xeo9j7eqp4njkif,2024-10-02 08:16:42,swap,ETH,3286.55,Uniswap
0xsawhqt80k6g6w0tymaa10c8d9qde81dqspx1hd60,2024-10-02 08:23:27,swap,USDC,1.01,PancakeSwap
0xr880ieiwcb3kkwjghcepx6pk7cec7sqlnozja2ti,2024-10-02 08:28:43,swap,ETH,3872.54,PancakeSwap
0xtpy7ysjqz44isjtyj0cpoij07uf8yezwfujd0ipc,2024-10-02 09:06:14,swap,ETH,3353.58,SushiSwap
0xsykl7jjukudab9f5aa3hz532svf2xalnccyddmln,2024-10-02 14:59:00,swap,DOGE,0.43,Curve
0xv1xsc08usenoatcu3ekyc5oxf6fcr75vre5hcbku,2024-10-02 15:49:29,swap,USDC,1.01,Uniswap
0xims5ecei2c9sauz7nm3epjk8ywg1ullrml8yxkb5,2024-10-02 19:55:04,swap,DOGE,0.24,PancakeSwap
0xq6myl84ywg12t7euuuk82w5co3r6lidb2sndknwk,2024-10-02 21:33:43,swap,ETH,3567.58,Curve
0x7mpn7oqr3m8qyvowczyq7ct2sqgw7r4sunbyyjnf,2024-10-03 00:28:58,swap,DOGE,0.43,SushiSwap
0xqbb9bzkprca1w2l5h616tvbhglkng62udkxfb1au,2024-10-03 03:14:49,swap,DOGE,0.24,Curve
0xv5ar7zc3dosbvlk6ejilleyriydud6cf7w9su0tk,2024-10-03 03:17:40,swap,USDC,1.0,PancakeSwap
0x0mdx6nqgcyqsj812d02c9zmuwai1uc6l5v8ua2zg,2024-10-03 08:54:16,swap,DOGE,0.45,PancakeSwap
0xm16epy6v5br0e4z7j00ecyq9xz7lfrond2p9naby,2024-10-03 09:51:40,swap,USDC,1.01,PancakeSwap
0xb34mn3cvtx567wd3cpy8nz7pesulxkp94h8dkmzv,2024-10-03 13:53:20,swap,USDC,1.01,Curve
0x5mo7kbuhog849xafe1oywb12ukwt4sp6hz48hyol,2024-10-03 15:20:40,swap,ETH,4061.09,Curve
0xw3rkqi88664wd0babnyxc4pzwucsw4nikgwgl53t,2024-10-03 15:44:40,swap,ETH,3602.24,Uniswap
0xlmblzbab4psqqiox7qx463c72j7o0gbnsytdythx,2024-10-03 15:59:09,swap,USDC,1.01,Uniswap
0xmejvtqu4z2c7u4r1kwhvcntnsvtbkk66johvcbme,2024-10-03 20:01:23,swap,ETH,3180.1,Curve
0xixv0hihyt6rpflf1tfb7hcu3nz81hqo9elg8ibt9,2024-10-04 05:26:33,swap,USDC,1.01,PancakeSwap
0xg0zwwaongpoa4caxm4y3kz6tbavjguz1vvi0c2bl,2024-10-04 06:29:50,swap,ETH,3626.32,SushiSwap
0xn18zbtd35ewfgbrna0v5jalunzefa7s4p4p37l35,2024-10-04 08:52:33,swap,ETH,3912.04,Curve
0xq5u21rkzvg7uucwf9px3swpt0436u2s3ge6bnkxh,2024-10-04 08:57:31,swap,USDC,1.01,Uniswap
0xisf5wwn9gnfz02o8g2p4or82lvjpxydqi4yaim7u,2024-10-04 09:06:36,swap,USDC,1.01,Uniswap
0xsurvw4unzn34x7sx9kz2ie25ysxyslz60aattrhh,2024-10-04 10:06:02,swap,DOGE,0.4,SushiSwap
0xst2xpdmdmkqxw7o71tknbyst0oryfhe6tgdzlhtk,2024-10-04 10:24:55,swap,ETH,3286.5,SushiSwap
0xf5vyapeqyn0x6uy2ja4lov3dh9ri1fv1p9pr5xfs,2024-10-04 18:36:32,swap,DOGE,0.34,Uniswap
0xksgivy0r30yzf6m2n7hzfbc90boqgcfxyuu4m1aw,2024-10-04 20:29:40,swap,USDC,1.0,PancakeSwap
0x3197gnuosodh9iyp5fxqoyrsu7laf8j0udk1hiid,2024-10-04 23:13:25,swap,ETH,3532.71,Uniswap
0x47k8uxbhj8pcxufn86fs56twz1qcww1xh091h2o6,2024-10-05 02:03:23,swap,DOGE,0.45,Curve
0xl7ebzjr6l86gi2t4zhzdbz4tp4a1je0mzifv2msy,2024-10-05 02:30:28,swap,USDC,1.02,PancakeSwap
0xrqui85uyc1mor6d0wu48ks2pmzcxtd4aq4vebwv8,2024-10-05 02:41:17,swap,DOGE,0.18,Uniswap
0x0jpsmjsee18bi0t64prccqts17vb8rwy90r8wljh,2024-10-05 11:45:02,swap,DOGE,0.22,Curve
0xn3tsax07hsolzevi9f9atynfvt5gkkyhw0yfgcsc,2024-10-05 12:35:09,swap,DOGE,0.22,Uniswap
0x69xjnebua25tohuhvo1xo257v5andgv2jtg9flt2,2024-10-05 13:48:29,swap,USDC,1.02,Curve
0x2qzu1s54chaqyfbmnhe6bnjesav03v4xzajfuoqm,2024-10-05 13:54:22,swap,ETH,3830.72,Curve
0x9ny60evmjckrfyuhfvx0d2133fhgjbu81c7qftjy,2024-10-05 14:11:06,swap,ETH,3233.73,Curve
0x042n2yx3wljso8edw571xr0ndhfsehfewkvgfr50,2024-10-05 17:43:18,swap,ETH,3438.01,SushiSwap
0xtdt2g2npppies83jn2531igxgvrni15x1bc1tkaa,2024-10-05 21:23:38,swap,DOGE,0.33,PancakeSwap
0xx7wmfstowtl2bwvguoy3my6hsqlpq0hrs6jjkrvt,2024-10-06 01:18:59,swap,USDC,1.01,SushiSwap
0xd2o7dr6wtdgvtj96umktqiwee9r9tptdn86liolb,2024-10-06 04:49:26,swap,DOGE,0.16,SushiSwap
0xuudcxhxzwlwanf17f7yio4c0nffcyfcx6piqgtu7,2024-10-06 05:56:00,swap,DOGE,0.3,PancakeSwap
0x05aft86tgiscx5g5apxli2uskfe1h36ezulk9sw9,2024-10-06 07:54:24,swap,USDC,1.01,Uniswap
0xth0w76xos7c4hfn8ci80etyvpwlxg8ye7zzk47hr,2024-10-06 12:25:38,swap,DOGE,0.37,Uniswap
0xq81nj8qh1ctvvq2cyl362452yqxtm3k7u165u0w6,2024-10-06 15:38:38,swap,ETH,3279.29,SushiSwap
0xu58ula4c5tlfsdmgi4dzr64si9tins7tk9i9qwb9,2024-10-06 16:21:36,swap,DOGE,0.27,Curve
0xmerb4hy1eduwcihojr4fsotqxs8nwgsryhxetg7x,2024-10-06 17:54:03,swap,ETH,3570.07,PancakeSwap
0xgemvgxiyma1t3n038dyqi0ek20zz0o6f7afeejs9,2024-10-06 19:31:59,swap,USDC,1.02,Uniswap
0xg8q8db3eb2t77gqzp7gaflqdhkivymd5w23rufci,2024-10-06 20:53:49,swap,USDC,1.02,SushiSwap
0xirlayc5p0n6tjgtf48om5x4ppnloytyy6bum9lcl,2024-10-07 00:03:06,swap,USDC,1.02,PancakeSwap
0xhn9q0q4ypnj9bjn8msiaeoinz89a3wckavz63ad2,2024-10-07 00:57:00,swap,DOGE,0.28,Uniswap
0xdp73cwpnzzf1o3leir6pw0qf5umhxigo4lj8i372,2024-10-07 02:32:08,swap,ETH,3878.7,PancakeSwap
0xjr9rts7y5h2ttl7kuh7ey6atjdy6292ntcdsavu6,2024-10-07 08:11:37,swap,ETH,3543.75,PancakeSwap
0xstoq2bkexpt3dy56wgb66ya2h7bjutzfegq6ib3h,2024-10-07 10:55:36,swap,ETH,3612.69,Uniswap
0x47ooj1c22hdb14aqkt8suhvsb8a5d7cewfm92jj4,2024-10-07 11:45:06,swap,DOGE,0.17,Curve
0xymyy17umw3v3d1w4xuf9acpj4k9pph13ykhc7o9a,2024-10-07 14:18:06,swap,ETH,4037.98,PancakeSwap
0xdbk9ggtnuqrobg460erj4jc3vyu2vtlaqhl7rtw8,2024-10-07 18:05:32,swap,DOGE,0.43,Curve
0x0h15ebzt11e20innfosz6j40xo42uq08v2gufv57,2024-10-07 18:41:15,swap,USDC,1.01,SushiSwap
0x05d7bwj3wpx4v6occqel657c2auo6rg4p1h5999s,2024-10-07 23:54:43,swap,DOGE,0.27,Curve
0xztyneel2opdi3i45zt6sdlzs32bgsqpufy531zb7,2024-10-08 01:01:32,swap,ETH,3539.46,PancakeSwap
0xq0nw9dfghqtjesdhh7d448m9leekld806los5yhl,2024-10-08 01:09:47,swap,USDC,1.01,SushiSwap
0xywibu3topyjsy70usf3ay5o1qq9g6ie08hpeadqy,2024-10-08 04:25:25,swap,DOGE,0.4,Uniswap
0xrlarqcfggzagaaprmcisqfr2l4upp0thualow5rl,2024-10-08 04:25:36,swap,DOGE,0.21,SushiSwap
0xl1s4jy1l3olunh9aynr16brm1hjwh7dmuxnxww4c,2024-10-08 09:51:45,swap,USDC,1.02,PancakeSwap
0xpv5rhmug3hjfe1f21fu0ok3vlvnd4qybkqlkyh6p,2024-10-08 12:06:37,swap,DOGE,0.37,PancakeSwap
0x7azg0up4b1kq7ej0lgpmsfaeeitcwzkkdgczgxnd,2024-10-08 13:27:20,swap,ETH,3844.85,SushiSwap
0xddpp62awd7zln049igczi034zm05r4y6gkwgma3q,2024-10-08 14:51:13,swap,USDC,1.01,Uniswap
0xgtlolmc8sjaob7q9g27eyfx6eznaz1ga918p5g3u,2024-10-08 19:47:09,swap,DOGE,0.28,Uniswap
0xa23sva37j18xsjfifd3dewfa4rw0t7z68m2ny4q3,2024-10-08 21:40:35,swap,ETH,3864.42,Curve
0xg0dvp1j82nnzew3xt1sd2cpsj2m6wiooakv5s6ls,2024-10-09 04:54:10,swap,DOGE,0.37,PancakeSwap
0xiiy5vwp55dyzp9qcbq63xker5hxt55310ftt6e8r,2024-10-09 05:28:51,swap,DOGE,0.17,PancakeSwap
0x9gving3uozy0ausw556vfchghgel0rnk1vt9gm7g,2024-10-09 08:05:04,swap,USDC,1.01,Curve
0xqcirdyw9ozorby0tf0nt6iqywhac6el1dw4vchs4,2024-10-09 08:08:11,swap,ETH,3699.72,Curve
0xf3wlljstlm1ms0tkv6uo0fz90l5beu9cmi8jy7pr,2024-10-09 09:29:52,swap,ETH,3856.84,PancakeSwap
0xbaxvpcjh2s3bq5aak1qu3zk8a6cebq8nszlurn3g,2024-10-09 14:29:21,swap,USDC,1.01,Uniswap
0x0u0tuju0ul97aw1sfw5pyyk2hf5b2m8pc3nu5vn2,2024-10-09 15:11:00,swap,USDC,1.02,Curve
0x8aii0sar0h26svmqyv17qx1em9jtfs5t3e7um289,2024-10-09 18:57:17,swap,DOGE,0.21,SushiSwap
0x5my2vh8nuf9lm56xvzaobnwcpcbibzh1so4f4i5b,2024-10-09 19:58:02,swap,USDC,1.0,Uniswap
0x0l0n073p40gblmqh1iaawwi0oq54evuaf8731e5z,2024-10-09 23:27:43,swap,USDC,1.0,SushiSwap
0x74kyal249ebw0lpyll7qjwuav689atsi8ctakuam,2024-10-10 01:08:47,swap,ETH,3830.11,Uniswap
0xdkifp2rtr915w8123gdekfea3bpkx6cksp8iuf40,2024-10-10 09:19:32,swap,USDC,1.01,Uniswap
0x6g3rpna5j0cifdvbz3bmbp7jnue51aa7d83zcmbu,2024-10-10 09:26:38,swap,ETH,3723.95,PancakeSwap
0xode43sn5x0rhrqsdyaurxfhgxqg79527th7p8pdr,2024-10-10 12:59:25,swap,ETH,3945.97,PancakeSwap
0xtniausrvwj0v2ul2q860lchk9kpen43vqyzef3d4,2024-10-10 16:03:14,swap,USDC,1.02,PancakeSwap
0xo80i9i8vh1w9yipxhlirkyxmhtj3qkb01yf6asxj,2024-10-10 17:19:35,swap,ETH,3738.2,SushiSwap
0xeqvp28y4tosj0zjnkvnck3w2lm9i4ymr6szm3yzh,2024-10-10 19:48:33,swap,DOGE,0.42,PancakeSwap
0xuspiul2w6osk8588run84ijchqr2nblme9grmfcu,2024-10-10 20:24:04,swap,DOGE,0.31,Curve
0xbyask3hstbztgjz0u3k6u7h8eeq9pzpslay9yizc,2024-10-10 21:01:55,swap,DOGE,0.41,Curve
0xoi6egs28a4fkn1njccu6k9xeh1xx1yr0y23bthzw,2024-10-10 23:46:12,swap,USDC,1.01,PancakeSwap
0xfe4omv9xu6etwfb9aj6rftjlyu1s0s45c7ncq3dp,2024-10-11 01:24:18,swap,USDC,1.02,PancakeSwap
0xsohfjk2zvj5z7b6k6cz6v40mpcas42dwpu3fyiis,2024-10-11 03:41:56,swap,USDC,1.0,Curve
0xr4jglk4mtg9ep7vmgg0p5nc0jdvqmavzxx9dd701,2024-10-11 07:23:40,swap,USDC,1.02,PancakeSwap
0xakb6s2imw2qndvm79oxhedh83m7vpje2lyka1u3u,2024-10-11 09:59:45,swap,ETH,3862.11,Curve
0xzscqftdx323g35llys5fd8xtsaup7hhsmqreb9l9,2024-10-11 15:13:44,swap,USDC,1.01,Uniswap
0xesgm6xgwfnfo7iaefczm5dwx6q42w77ycchni2xt,2024-10-11 15:23:33,swap,USDC,1.01,Curve
0xz6x4mtaordgma1lmxokirne7rw6palksto5zalgz,2024-10-11 15:46:18,swap,USDC,1.0,SushiSwap
0xallo10y93owez3nti4bcnopcyr9ebbh392rv2m1n,2024-10-11 16:04:31,swap,USDC,1.02,PancakeSwap
0x3u1ixj1bf35sepf3xep49qozmwz05ukp6iauzh1j,2024-10-11 20:25:43,swap,ETH,3216.38,Uniswap
0xtzowmlsnduq20l9o2vnbzq9swobw8wm8fosds5i0,2024-10-11 23:35:50,swap,USDC,1.0,Uniswap
0xcebe7ejmo987ut6diskh03c144fpns04aaw5nsd7,2024-10-12 01:36:48,swap,ETH,3443.92,Uniswap
0xisiabbhshzkrm876u5tilgv2st2t8j0qxv5kculv,2024-10-12 03:02:37,swap,ETH,3841.07,Curve
0xjahhfhxotd6y32d3ff26xl6i57wyuupmqgjb3xe9,2024-10-12 04:49:49,swap,ETH,4060.12,Curve
0xbriidubb9l37itne514eq8oq4bltrxuzuz4xl1sc,2024-10-12 06:47:56,swap,USDC,1.01,PancakeSwap
0xnb7d4txzhd7b1w832e7z6bcdhlkes1cf6g09kim6,2024-10-12 09:36:02,swap,ETH,3570.25,PancakeSwap
0xxgh9onm8rxmfzpvdeca3go1edrd4bgl8452psfn9,2024-10-12 15:18:06,swap,DOGE,0.32,Curve
0xglc1qwq2b62avck1i0okpnoloj39zqy3ghdb12pe,2024-10-12 20:34:55,swap,DOGE,0.15,Curve
0x3mgek3fwc07yexjvkedgu61u09nya1tqxf7x7euw,2024-10-12 22:45:55,swap,USDC,1.01,PancakeSwap
0x2t3rx76pbevlr4l0llajky3bmnaqoy7lw6zrdn9w,2024-10-12 23:07:35,swap,ETH,3385.68,SushiSwap
0xranje2lu5bdbzqs0d3e4a4c1xe8vmchro4pu3mw9,2024-10-12 23:44:49,swap,USDC,1.01,Uniswap
0xd6uclr6bd34rm5dlai206xrfxvti7dab6kpsn47a,2024-10-13 00:01:07,swap,ETH,3592.05,Uniswap
0xp135n6p6r1olhspltja8adxfvpbp7npyo8nv0ca9,2024-10-13 00:14:49,swap,USDC,1.0,PancakeSwap
0xpdk360jldkqweo6ap7tmnun0qinch7ali1pyoif2,2024-10-13 09:08:49,swap,USDC,1.02,Uniswap
0xrbbnjoetfwt1vi19hj1af19yiw3pevci0urjc6ck,2024-10-13 11:22:35,swap,USDC,1.02,PancakeSwap
0x559t8c00glxxvva3z8jhtl3k0k6mjpl04awjsxqw,2024-10-13 13:05:24,swap,DOGE,0.2,Curve
0xgcle6aojtx6e2n6ptusa4xlg7v1iwxg5uy4uosok,2024-10-13 13:19:06,swap,DOGE,0.37,PancakeSwap
0xhchgqntpquour5xti2hxol5ws8pip3s9c15firdx,2024-10-13 14:28:26,swap,USDC,1.01,Uniswap
0xc1n8ei0s26rh3noj8456nv8ub71mh1re3m69dgas,2024-10-13 15:10:19,swap,ETH,3745.38,Uniswap
0xco6pk6jv2kpx5oscny4w9386jw39r4yijci3ia9y,2024-10-13 17:54:05,swap,USDC,1.01,Uniswap
0x72e5p2tmwfl5ukh5c613lmrl976cdzvtkn9oa2h9,2024-10-13 20:04:05,swap,DOGE,0.34,PancakeSwap
0xgryht1lzysgg1w0gar6nyqr2wwh6qa00p2ipvcon,2024-10-14 01:22:18,swap,USDC,1.02,PancakeSwap
0xnmcc4t1qilp4373hiszfm63oiga53zwb4g11an0v,2024-10-14 01:27:17,swap,DOGE,0.3,PancakeSwap
0xsx4rglbgly2s4532ipezeaf2q82rhpzm1lu826c4,2024-10-14 01:57:08,swap,ETH,3474.92,Curve
0xk4ehvxfte99q0refve0bx7quw57hzhz4qsu5xz92,2024-10-14 05:26:14,swap,DOGE,0.17,PancakeSwap
0xv46uitoq2afh75mpffqrpf9i0qa80h0oj6d4uaaw,2024-10-14 05:26:29,swap,USDC,1.0,Uniswap
0xnr6qrwxnq21520j6cllisg9oddjy109h5oj6w1rz,2024-10-14 10:58:31,swap,DOGE,0.22,Uniswap
0xgww57jplcy6kt4h0s55lsujq12bb2am3uw8fxz68,2024-10-14 15:41:57,swap,ETH,3239.28,SushiSwap
0xushte5us09si15rilzt5dbu750yxsms1eq3paetw,2024-10-14 21:21:46,swap,USDC,1.01,Curve
0xas3jaxxeifcs228vt64gqeo31tjre39st7keqmxl,2024-10-14 21:49:16,swap,ETH,3916.65,Curve
0x7icaq0achno020x4nk02mvla4t8079w61xyomiqj,2024-10-14 22:10:52,swap,DOGE,0.2,Uniswap
0xuf6ntmapy9p9dv7tyua8jopadfzx6juslhaq4zaz,2024-10-15 00:27:53,swap,USDC,1.01,Curve
0xefiat8mqbbizgza0lcqw7rfpqkfvlej0wnptupcb,2024-10-15 03:12:24,swap,USDC,1.01,SushiSwap
0xapeqw14oeerjaftwrifel25o0ik4h61nfuttz0bt,2024-10-15 03:56:01,swap,DOGE,0.3,SushiSwap
0xbskpebnza5kuooo3l82okjsg646aac7uosnl7v6t,2024-10-15 05:45:59,swap,ETH,4075.77,SushiSwap
0xud00knti897m1jg1r9bqdh8mc37gfv6xzvv9sc3w,2024-10-15 08:42:39,swap,USDC,1.02,Uniswap
0xgy26fqzz8ghyd37ycx1kqahzasc7l0ptyd5gp20s,2024-10-15 10:40:34,swap,ETH,3888.38,Curve
0x04726u9mhpb2u22pa9fblqx4cikhgfohxxk00jtq,2024-10-15 14:00:55,swap,ETH,3764.81,PancakeSwap
0xn60km6oe16odte0m9kffcl9f67r2oerajqlmhu9m,2024-10-15 14:56:10,swap,USDC,1.02,Curve
0xp4thkuzreegr437zubvcko0covba0xn313dw44l6,2024-10-15 19:12:06,swap,USDC,1.01,SushiSwap
0x9eeet4p2ox41dbyja4m6qtsqv4vwkwrk55i0gn56,2024-10-15 23:39:48,swap,USDC,1.01,SushiSwap
0x3w8nnpooczj4koahv2lz5ekq4ebxex8j834og2mq,2024-10-16 02:03:09,swap,DOGE,0.24,PancakeSwap
0x9jxg30paqgwh8kra33ldc53jhikr4dz2w5znxupi,2024-10-16 02:27:08,swap,DOGE,0.44,SushiSwap
0xk9kspqq6rwjidnjjhbjhii572l93nrh5nxgyjxx2,2024-10-16 06:11:48,swap,ETH,3918.4,PancakeSwap
0xmvpo08bhi1t2fk4kvzqadqpuqxmw624n61ya2jq6,2024-10-16 10:01:54,swap,ETH,3962.6,Uniswap
0x2fj64mqonh8sj10z88wjn9yn1liz5m1ippdxcfh1,2024-10-16 10:05:41,swap,USDC,1.01,SushiSwap
0x7jovkzdasll3xo6n01g8r81qdk7y1cqgx9gpewsi,2024-10-16 10:50:37,swap,USDC,1.02,Curve
0x8k8m9ngnsp0j4hudfjksvix38hlcgf0m5igwci8u,2024-10-16 14:18:15,swap,ETH,4012.32,PancakeSwap
0x9343v4mhf181po3hz7v22fqqynozjcobhphd54p5,2024-10-16 21:35:21,swap,DOGE,0.21,SushiSwap
0x6vgxwwdlkc01c19c9fj2nddw7x7roazlg06vrm7w,2024-10-16 23:15:30,swap,DOGE,0.39,Curve
0xfbqgqanpaeoadhjij0yybhnm5nma5855cqpk6v50,2024-10-16 23:56:10,swap,USDC,1.01,PancakeSwap
0x4t7qrupxr0thqi5fecvlherwz04zaay52oddr6lm,2024-10-17 00:59:33,swap,DOGE,0.34,PancakeSwap
0xl5s123mzezre5mcqqpiqt1cuzqepi8ohh3be6sph,2024-10-17 04:42:57,swap,DOGE,0.39,Curve
0xyu1tj8hs7z7zrcrfybyoga0qxia56kb5wjer92lr,2024-10-17 09:54:52,swap,USDC,1.01,Uniswap
0xjijsqhf4g3jw8lcuoiyjbb49kelv9zguk5elhldx,2024-10-17 10:40:52,swap,DOGE,0.33,SushiSwap
0x1f8yj54lim6t1o5nrm5bdtpshjc20l6kxkfm1xw9,2024-10-17 11:46:07,swap,ETH,3534.76,Curve
0x5jvbjdrp1yt6x57bf7p91n5bvxs8ibb1x31rkx4j,2024-10-17 12:42:57,swap,ETH,3780.61,Uniswap
0x9hbdt20bod1ejkbeir6stxadwp7hhdti05pthzko,2024-10-17 15:11:42,swap,ETH,3410.62,PancakeSwap
0x4reybwiafmodeyh3dhomzlk35py22atthzk6jc61,2024-10-17 15:32:22,swap,DOGE,0.17,Curve
0x1ct7tbv9p0moaintldzzoz32xpwmjh14n610fzt8,2024-10-17 18:02:59,swap,ETH,3518.53,Uniswap
0xxvq25btuslfa5uu0k6p0ep4zaq5pok4i4r9yrdal,2024-10-17 22:22:55,swap,USDC,1.02,SushiSwap
0xt1g08f6342o9urt4gectqbltzzjnnwlcdiie0x35,2024-10-18 00:15:28,swap,DOGE,0.42,SushiSwap
0x5jooviinuf8hjjcx8uzm48cvmg6jpmev8102jwpk,2024-10-18 06:14:47,swap,USDC,1.01,Uniswap
0xjbl61wqqruk4j7stqtqtw28dup4riena69569dgr,2024-10-18 07:01:31,swap,ETH,3528.33,PancakeSwap
0x7u1y9lzgg36xowlum5q03q3e0ysz912sw7nz2gia,2024-10-18 07:50:00,swap,USDC,1.01,SushiSwap
0x1rnk3vu7mqkguvgkksk8cxn2wzcrwqz42syew0ut,2024-10-18 08:18:50,swap,USDC,1.0,Uniswap
0xmqssh4x71vmxnm47eq3xvcolhutpfc56iej76gua,2024-10-18 11:28:15,swap,DOGE,0.43,SushiSwap
0x8y1khqmkn0xm3erb1dieof47c1avlz0spbqa1w3m,2024-10-18 19:15:51,swap,DOGE,0.28,SushiSwap
0x31l1qqrqyuqxx926vdgpb13s4xyn42znw0tvu6qk,2024-10-18 20:09:13,swap,USDC,1.0,SushiSwap
0xdcymuravs47nztta76j3sg077oqtuitz9k69x90y,2024-10-18 21:20:45,swap,DOGE,0.17,PancakeSwap
0xtvbqf4hwsmy2zz6v133qvnt3s1s2do6npidob5qj,2024-10-18 23:43:13,swap,ETH,3204.39,PancakeSwap
0xxcs713x4xhwqy1swba4w8x903xa30qzmonar55r9,2024-10-19 00:52:44,swap,DOGE,0.29,Curve
0x0yixrhostev1z765gsd1ustexys32kw98panbwx5,2024-10-19 02:28:10,swap,ETH,3241.73,Uniswap
0xbwcs7hhxxx42vsgt1bnzszdwr85vy79ztkp6tfjt,2024-10-19 12:05:33,swap,DOGE,0.44,Curve
0x8836rq9hjcs3etiir1nussug5dhl0x7e1zd0e34m,2024-10-19 12:29:17,swap,USDC,1.02,PancakeSwap
0x85d3juttpxwrsw5dixprco0hxezvec8js4o8dgfh,2024-10-19 14:54:46,swap,ETH,3467.97,PancakeSwap
0xoy6szmlj589ipg5ubbp07amajlokdxq7puofsw5m,2024-10-19 15:16:34,swap,DOGE,0.2,SushiSwap
0xerfcyuoy5c5ey7l1epuya6g3xtcaxe0wlgnjnhct,2024-10-19 15:31:44,swap,DOGE,0.4,Curve
0xs4lk7njrjpm3v0us9bo3ewoqhsdk845nl7qu2j40,2024-10-19 18:04:34,swap,DOGE,0.26,Curve
0xrw4qw5xdcxt281o0e0nge764bxy744ya7mhj1ays,2024-10-19 19:32:12,swap,ETH,3328.21,Curve
0xzbqj6ij8bf3bj4jt78susavf1vvxqpxi23349anf,2024-10-19 23:46:02,swap,USDC,1.01,Uniswap
0xed9l4cuh4g50d0u3pri2jmh61n55e0himvzvy32j,2024-10-20 00:33:36,swap,DOGE,0.39,PancakeSwap
0xirknle7voxia46lmi58cu3oowvlpft0z1jb2uvr1,2024-10-20 05:16:57,swap,USDC,1.01,PancakeSwap
0x4q9mjz68j0dx3z21cfw1ev518gvs97e7s5y1doop,2024-10-20 08:36:25,swap,DOGE,0.2,SushiSwap
0x61ji56exo0sq107zslh9mn76780i5buhsp4mxlw3,2024-10-20 09:58:23,swap,DOGE,0.38,SushiSwap
0xe75sdam2ddcdbw14gplmi0z34dsmbma293yph4ez,2024-10-20 11:45:01,swap,DOGE,0.35,PancakeSwap
0xwjxe1vznrbfzc8m2cw2kkb21bz2r057xa4luhx11,2024-10-20 13:22:13,swap,DOGE,0.18,PancakeSwap
0xokswptnoe0yhh9a910xb580hc0ksq83svb9xuohx,2024-10-20 14:05:18,swap,DOGE,0.27,PancakeSwap
0x96fzo9pw2r1ysc2dok05yzpwno6pv491lnpdckxh,2024-10-20 16:22:47,swap,DOGE,0.42,Uniswap
0x82q6b2leb664c3dfwuoyj4l5g8w0ye3idnhjqqm5,2024-10-20 17:06:40,swap,ETH,3859.26,PancakeSwap
0x97sn9es14ratj4oh0ulmcg3otld5s9yu58cgohm2,2024-10-20 18:13:57,swap,ETH,3674.25,Curve
0x5zywtxqcj5736hey9ph6d5e28hx51gld1prjxsbh,2024-10-21 06:13:10,swap,ETH,3689.95,SushiSwap
0x159zkrujib29pmszbpmugm77joze35nu480126kb,2024-10-21 13:54:56,swap,USDC,1.01,Curve
0x9hhaj4vbv94xdtijtmvt0hm8jq34ujxnhpelqv6r,2024-10-21 15:36:20,swap,USDC,1.01,PancakeSwap
0xfpmxnfp7d99sy6eqie0srcogm21pavbg79wjoxf2,2024-10-21 16:28:50,swap,DOGE,0.22,Uniswap
0xzj5clszzboharreyxv5wwtegfa49dvdn5933gnfp,2024-10-21 17:42:55,swap,USDC,1.01,PancakeSwap
0xgsjcthuu8t3oi79htopob03xyp53uztzwal0pqbh,2024-10-21 18:35:22,swap,ETH,3442.4,Uniswap
0xz67uy395309n28tf6l7pojiaonlrk4nwwmawj9sh,2024-10-21 19:28:42,swap,USDC,1.01,Uniswap
0xpdzeu82u1cphpll8e8dwzy7aedc84rwn25e3ctju,2024-10-21 19:58:48,swap,ETH,3205.6,SushiSwap
0xmm2lj2a0sjjhy6tdm8tunecemyom2aq2b9l5s059,2024-10-21 20:28:05,swap,USDC,1.01,SushiSwap
0xnigjtwmlhpxxxx5xn1tuwn3ndme68b3gmrv1i9vz,2024-10-21 21:35:58,swap,DOGE,0.43,Curve
0xtvmz1ywa4cg3bmgt1t2fdida13t67fwdd6koyb5k,2024-10-22 00:37:18,swap,USDC,1.01,Curve
0x396f0110a3bg4xsytvywwi41yn1rbcosa8xxz47l,2024-10-22 01:01:28,swap,ETH,3788.71,Uniswap
0x9augz833aifazseq7i76n0h8rem3upo1iy40hlcb,2024-10-22 02:17:26,swap,ETH,3700.71,PancakeSwap
0xnraw8mwg401bm39vivodxn6go90onlkta6y0yk9z,2024-10-22 02:17:40,swap,DOGE,0.42,PancakeSwap
0x7400a3uzp4j6nyp10lou7hzy04708ye9ai993v8m,2024-10-22 03:06:22,swap,ETH,3316.33,Uniswap
0xxgqr92fvosgihlv4yqq2xvyu9hx1z9fsb4qtejr8,2024-10-22 09:21:27,swap,USDC,1.01,PancakeSwap
0x70e9zsccekckfb2qnxtyolnw04vmwumk32u103je,2024-10-22 10:11:11,swap,USDC,1.01,SushiSwap
0x6l7xbe4ex62imdf09o7zfgzvh09e463rea869g86,2024-10-22 12:20:51,swap,ETH,3185.74,SushiSwap
0xc6y4pa1fhhfmu425id4kmxvo0qin2cw24ba23m5q,2024-10-22 12:45:45,swap,DOGE,0.21,Curve
0xccsrhshhla6ly7vbn6wzkemai8wu10bhq4j1ww4k,2024-10-22 23:38:11,swap,DOGE,0.3,Uniswap
0x17ivq4sus3a4cq0a8bx8aqeyptcfmdyt4zazvfqj,2024-10-23 00:19:46,swap,DOGE,0.19,Curve
0xco18r1sw55akyluok3v15wa6dh3ip6jt0ds3wymv,2024-10-23 05:16:38,swap,DOGE,0.3,Curve
0xj20qpp3qcbm0nsa3ne4lpkuw1gapmke9hasgm56j,2024-10-23 05:52:53,swap,ETH,3703.57,SushiSwap
0xy2cthyxffgwhphin6nkjo7t0mp5qn5hciv32rdfb,2024-10-23 06:49:46,swap,USDC,1.01,PancakeSwap
0xu1snj1g43eh4hegj4vob5zhv5n8u2f0rvdxdnur4,2024-10-23 08:24:14,swap,DOGE,0.16,PancakeSwap
0xpcxdio3wynt07dxovvvy6ubpph0vdfiu16t7w5yy,2024-10-23 11:08:03,swap,DOGE,0.24,SushiSwap
0x5qcibsbdespusz6sr0et4jcqr9ccal3bp78a5427,2024-10-23 14:09:38,swap,DOGE,0.18,PancakeSwap
0xm3g45z3lqlqj7iwgfq6hag7o6s3o3jmaui9eywo9,2024-10-23 16:24:44,swap,DOGE,0.22,Curve
0xgzvzj6m8ie124z49rwbp5qx7iqu3db8baotjirh3,2024-10-23 17:44:57,swap,DOGE,0.36,SushiSwap
0x7nrqewfgblp55qnf7fbdgvq6yedn2m6xfje85wep,2024-10-23 19:10:54,swap,USDC,1.01,PancakeSwap
0xit7yyn70xmir8mhtdy8rmnu2amvp17d70ady2ibm,2024-10-24 03:07:21,swap,ETH,3440.86,PancakeSwap
0x1gunq9jeemmx5v8avo1zjbfgmzbh7rpdom6h5x61,2024-10-24 04:45:28,swap,USDC,1.01,PancakeSwap
0xw3wsdx7tvj9cgxy6jz2pd1ryw9iho0wskeor06e7,2024-10-24 08:53:00,swap,DOGE,0.37,Curve
0xqydvnpy3ka63ekwxicafx9zzx4njxnv07wug5nnq,2024-10-24 09:14:41,swap,ETH,3658.98,PancakeSwap
0xshzx80p6qq3i2o9zmtcabyy3pm5pf17y3gdzf2g0,2024-10-24 13:04:09,swap,USDC,1.01,Uniswap
0x065y4kyhs5feve2815rrzbqx9i1bhzseo8nsmzyj,2024-10-24 14:22:47,swap,DOGE,0.16,Curve
0xd6fq4jydb4ogdfezzcpa90cdk12a2fxv543qiuf0,2024-10-24 14:25:55,swap,DOGE,0.38,Uniswap
0x8e5wztfsouoel3vphuxypz88ei8aayi3vmeemdmi,2024-10-24 17:23:32,swap,ETH,3159.67,Curve
0xr8uyy3kv80mk00j6pc5ncs91h255h0a7xaie9kzx,2024-10-24 20:50:10,swap,ETH,3289.49,SushiSwap
0xa2xtx7hudnxpq62leetto12fj8zcowrn40sppe8g,2024-10-24 22:24:34,swap,ETH,3805.75,Uniswap
0xnv82154g70c9eigcinwho3mug99cc4e79ahglx8m,2024-10-25 01:00:03,swap,DOGE,0.41,Uniswap
0xpv3kiw1ueka3zl758yykogx02jvifobk94yy76ae,2024-10-25 01:24:53,swap,DOGE,0.17,PancakeSwap
0xf9owx0z7oodlmhfsez8v5me1djsu7yqgaa5jwuwh,2024-10-25 03:34:23,swap,USDC,1.02,Curve
0x9orqc03aiig1qq00af38cjcrfqd9wz4fv4981skz,2024-10-25 10:56:54,swap,DOGE,0.4,Uniswap
0xrc5eduo4l0xg1krj6bt84b6j9pofeb2p9nz6mg6c,2024-10-25 11:02:33,swap,ETH,3566.08,SushiSwap
0xou0922lotjirri0ai3ds7zuworc8orvzluv4yhn8,2024-10-25 15:20:18,swap,DOGE,0.22,SushiSwap
0xrv05m5nismmb9fe0ltz4rpujp6yopcvqh0u36ma0,2024-10-25 20:33:30,swap,DOGE,0.21,Curve
0x9t4tnxsaj6lkq2m24gvhvksr7fp9lb01ud6plcee,2024-10-25 20:36:27,swap,DOGE,0.18,SushiSwap
0x3maudtfft563wdvvuc2sweczg03973vguaj9zpa6,2024-10-25 22:48:27,swap,DOGE,0.2,PancakeSwap
0xg5l01a79rna6qfms9sh6gmjf86j4lp7sryf200jg,2024-10-25 23:44:35,swap,DOGE,0.4,PancakeSwap
0xmcq9ausoj1dtm10k1y2iz7ql5dzhjv5b7eeyzhca,2024-10-26 12:38:01,swap,DOGE,0.46,Uniswap
0x3271no7ie6jyq20gqew6mane59ocrrtlivz5pea7,2024-10-26 13:43:36,swap,DOGE,0.21,PancakeSwap
0xwfqbj0akqi11er3r409gs89a2gr3bw08gwv4b67j,2024-10-26 15:58:33,swap,ETH,3571.16,PancakeSwap
0xhgbgqeqtzvjs8j776plqtikwj6rmdxqq487pvll4,2024-10-26 16:41:49,swap,DOGE,0.23,SushiSwap
0x8fmai7y7ldhl0zjz0ocmpg87u8rw4x9knpem4fct,2024-10-26 16:43:24,swap,DOGE,0.22,PancakeSwap
0xnfi5exmobrvt8a6k2j75piuu4yb42vuzmlchn0ki,2024-10-26 17:14:02,swap,USDC,1.0,Curve
0xkopm57pbksy0klfj8vvdwagg4jgtj0d17dla93yk,2024-10-26 18:02:50,swap,ETH,3704.6,Uniswap
0x0i66m08tbneg7u97jijkod40cw8p78v9hbkpogbq,2024-10-26 18:47:08,swap,DOGE,0.22,Curve
0xy6uqij6a56lag2ctrku7wds8pcn14ccc6cnkblfp,2024-10-26 23:16:09,swap,DOGE,0.25,Uniswap
0xkg0fvfwecgwoul5hu454f6oyvyjjozlfpvttbz2p,2024-10-26 23:55:50,swap,ETH,3684.31,PancakeSwap
0xn4sqj0z649v0s88wgqaecpxut0v658qw6ixuti6v,2024-10-27 00:20:13,swap,ETH,3599.36,PancakeSwap
0x6i2vvoxqa2ou661lvveq01dc2schk6v4e8lc71eb,2024-10-27 01:58:46,swap,USDC,1.01,PancakeSwap
0x7705pakrii6wizb38e7qylbcf295cbfx2cxnp1cl,2024-10-27 03:58:22,swap,ETH,3303.3,Uniswap
0xbebv49nqtrvv2g8km72eiic3d001vzompwvigkbj,2024-10-27 05:04:09,swap,DOGE,0.18,Uniswap
0xteyucierimq5jipnvpxegvt1tyt1cuhvw7x0q9ay,2024-10-27 08:03:38,swap,USDC,1.02,Uniswap
0xafmcw0i6tzv70ge6wnnpjb7eclx68ywpm49phkew,2024-10-27 09:26:43,swap,DOGE,0.46,Uniswap
0xlvit8wttufcco0izvzlfutfupq4kggo8fagz29ir,2024-10-27 12:38:17,swap,DOGE,0.25,Uniswap
0xsm641dd428uuzf04y6x5iszglzo21xtipbghxww8,2024-10-27 17:41:37,swap,DOGE,0.18,Curve
0x4mtk0kj4qmkpq9vkf2a4efeosixat36i7e5ttoxp,2024-10-27 18:27:30,swap,ETH,3122.72,SushiSwap
0xuwa2pcy6hutr5a9zmr4q9eav5uo2tpa65box1lnb,2024-10-27 20:54:48,swap,USDC,1.02,Uniswap
0xfhjvkf0lfa01skxs58tx7lz2drdk1u3l7ex753po,2024-10-28 03:27:59,swap,DOGE,0.31,Uniswap
0xsdqg3b10h0wdqbm1ldo7y3e3ex5exglgx77me00a,2024-10-28 03:43:05,swap,DOGE,0.38,Uniswap
0x6h3efee4g5i4lo6q0y8sb23v3vy6pxhv316cv89m,2024-10-28 06:18:27,swap,DOGE,0.37,PancakeSwap
0xhhr5xogv4gnc2izjbgjeutzpsnadgmr0ldhf7qtr,2024-10-28 06:47:56,swap,ETH,3180.02,Uniswap
0x455h8d7wjuljnktljrkirn7yi8u6jyw2u0m7ptue,2024-10-28 11:58:37,swap,ETH,3344.26,Uniswap
0xjp9nxa0v6xc548abttw4rraepe51rkak84ee6qp8,2024-10-28 14:48:36,swap,USDC,1.02,PancakeSwap
0x7b4nko3pag87n0nw13njg1bfzejwx7v6jr8ecra1,2024-10-28 17:08:20,swap,DOGE,0.31,Curve
0xs8cywy9jlr6df3styzj42k8iqumo41wp93foys5a,2024-10-28 17:42:53,swap,USDC,1.01,PancakeSwap
0x1kielws5q5xhyb9i2ciuu9zhn97ag28htb6swovm,2024-10-28 17:45:16,swap,USDC,1.01,PancakeSwap
0xpah6e8stclho9yh834l7fqsadhvq9zys0g5dycea,2024-10-28 19:22:13,swap,DOGE,0.24,PancakeSwap
0x629lrecapgnz3c2hmt7525nqnni05dq0q7g8lzxs,2024-10-29 03:43:46,swap,ETH,3714.71,SushiSwap
0xqyi2fzdydit1nrnaw036n2zoc17d9cfwarcf69i0,2024-10-29 06:52:04,swap,ETH,3341.46,Uniswap
0xdmhmg4tbirrbih2x32f66sb9ccmi7jgx37x8d67f,2024-10-29 06:57:40,swap,ETH,3673.84,Uniswap
0xqmfem8kkaqnvm3pxd33caa0k2m5s1c01o0ffd663,2024-10-29 09:56:09,swap,ETH,3686.97,PancakeSwap
0xmy5uqe3goif1vsh67jqwpop5itm9junh7ztdyj40,2024-10-29 11:32:17,swap,DOGE,0.45,Curve
0xc0mi3zi9ewinofxwb420nleispzgwi1fy8yp38le,2024-10-29 17:07:41,swap,ETH,3141.86,Uniswap
0x055k6cwjvykrwhoq6xv0qfrpwq5fekl6jyreuadr,2024-10-29 18:23:07,swap,USDC,1.01,SushiSwap
0xe6rh6vx1sxuffftpo7pa4ydich7cpuiifpw4u2sn,2024-10-29 20:03:15,swap,USDC,1.01,Curve
0x3tm64mzpduzuqfmxf2jrrumfzk1wxv35c01errot,2024-10-29 20:40:17,swap,DOGE,0.17,SushiSwap
0xfy8a07u4yo13njgxmdyvpaqk43o1tnz03wiomvc5,2024-10-29 22:37:11,swap,ETH,3383.18,Uniswap
0xhlr41u7mj90pxi9143oam41r1wehfg3qpu5f8l2l,2024-10-30 02:44:10,swap,USDC,1.0,Curve
0xu9vyxx7aak0j3ob9p73w5ss0iipf7fds2g6mm3sf,2024-10-30 05:31:53,swap,USDC,1.0,Uniswap
0xmzitpnct2debn6t3m14lgtf6ipp6t2b16fnj733c,2024-10-30 08:28:29,swap,USDC,1.01,PancakeSwap
0xupr3iyh79c3yfoyjrsgewxvpoil1ehx9w6w5ao3a,2024-10-30 11:49:53,swap,USDC,1.01,SushiSwap
0xzjv43ywliebxsdvdm8cp92h16dgmq4v3022mnnla,2024-10-30 12:58:15,swap,DOGE,0.41,Curve
0xmf90v4ch173x3a8b962c1yh4b821pl1ltnolu523,2024-10-30 15:51:59,swap,ETH,3443.06,Uniswap
0xfx12j8twwxlc3qsrosjmcevtpgfvii2kroj3e4zv,2024-10-30 16:29:37,swap,USDC,1.02,PancakeSwap
0xn0gpathk10dpbgbrqwtmx8n6w22mt2bty5gsjpbv,2024-10-30 17:32:16,swap,DOGE,0.44,Curve
0x8f7xrkygtqugibe90myznrruf5utbbr3s6r9s99n,2024-10-30 18:24:32,swap,DOGE,0.2,SushiSwap
0x1nbowmlqvncwyi7skqyz155dxywl29d4ngfn5ss5,2024-10-30 21:55:43,swap,ETH,3786.19,PancakeSwap
0x2vemwlkndx6os4oyx3red70m39724r5n49xb6h9f,2024-10-31 00:29:06,swap,USDC,1.0,SushiSwap
0xp6ab3z11gpxhgsznd6bdv1z0eo74k13cjjoi545v,2024-10-31 02:15:13,swap,ETH,3745.27,Uniswap
0xtxdczl759a4dmx8a00x3ybog9jinb9ml0ylcguk6,2024-10-31 02:40:15,swap,DOGE,0.29,PancakeSwap
0x28hm6djam7is1qs2h9n85r3y2nr6rel3g245rbln,2024-10-31 05:24:17,swap,DOGE,0.39,Uniswap
0xul28sujn5erj7nbbda8a39abyhwgyzwcfyy9t7yz,2024-10-31 06:04:33,swap,DOGE,0.3,Uniswap
0x4t0ck5wd5m3jbzenwpziv8m7xjetv0tbzr4m4xv1,2024-10-31 06:42:06,swap,ETH,3131.11,Uniswap
0xnlp21r2kxwh451kk0nfpienlp65yl2sgyq8xnuu0,2024-10-31 09:32:32,swap,DOGE,0.29,Uniswap
0x5davfmr9cpv5eac33ybo6we4dvq23oo8orwsc9l4,2024-10-31 10:39:59,swap,USDC,1.02,Uniswap
0xsc1xgophw574it8fktpu4653o6qyat3o48z62dag,2024-10-31 18:32:55,swap,ETH,3178.57,Curve
0xd591q7a3ojs37o7i7m32aj53mroo2cwpio5iqbcc,2024-10-31 18:55:46,swap,DOGE,0.24,Uniswap
0x82qf53tm2m9z6m2e6tt3j1bibs4hhxh6b4v736rp,2024-11-01 08:32:35,swap,ETH,3297.01,PancakeSwap
0x6qbqmsxejuchtyamie9glh4j53lrjafrb2ub59m6,2024-11-01 10:58:28,swap,DOGE,0.41,Uniswap
0x2atwz2k93l7yn61iuqqz8dangde9luocnjo7qspf,2024-11-01 11:35:00,swap,DOGE,0.46,PancakeSwap
0xd3qpqwgofj7d97jfjsd1fx976iixjg0trxml5703,2024-11-01 15:14:09,swap,ETH,3578.04,SushiSwap
0xh9lfj7yraie9jv7242cc9h32pmoj2oyvhdch4z7i,2024-11-01 19:49:34,swap,DOGE,0.28,Curve
0xv7xypiuxqp8ih3q3jdtjiughz8cvov6x7z5wuywm,2024-11-01 19:59:39,swap,ETH,4048.56,PancakeSwap
0xrn9w1k1x6a0rvqg0muhp3c0x28df4g1d3an7an24,2024-11-01 21:17:49,swap,DOGE,0.3,Uniswap
0xpox905t218u0hyv11vowdburkayqew0bmzwf5sxh,2024-11-01 21:27:36,swap,DOGE,0.29,SushiSwap
0xyvrp7irmxrcyjzj409ojm542pfi6ojrylf0bvl5o,2024-11-01 23:11:01,swap,USDC,1.01,Curve
0x6buiytin7gl9a1xm8k6tzj4spna8fqu0890ifx43,2024-11-01 23:32:22,swap,ETH,3569.97,Curve
0xwbmrbrh77awfdgys0hjacag3xanap72f5jffl65k,2024-11-02 00:42:34,swap,USDC,1.0,PancakeSwap
0xt66e6dc61hlp36gmqpcjhiddfqupb7g5y7d5342g,2024-11-02 02:16:41,swap,ETH,4080.49,SushiSwap
0xx5sd55vh1vhofvy7gz926r09ahyhypkocdic6yrn,2024-11-02 02:42:07,swap,ETH,3387.9,Curve
0xsu0omnocn1129uku8igoj77wq41fhhr3whpo2qmo,2024-11-02 04:59:13,swap,DOGE,0.42,Curve
0xrq4bhg7zzx3wnt1iwcjbsn76paygefzr4990lyyi,2024-11-02 06:54:21,swap,USDC,1.0,PancakeSwap
0x1onx4pbzlzl0ivt4mbt3v3ltfw0qa0q831omo19b,2024-11-02 10:36:59,swap,ETH,3166.63,Curve
0x9wymv54sq7wwuo74tb947tew8yuk9iebjdq5p0dx,2024-11-02 10:53:28,swap,USDC,1.01,SushiSwap
0xtv6nwzkuh8pwas68uqsjf5k11izbr6ps5jvzvgz3,2024-11-02 17:41:48,swap,DOGE,0.44,Curve
0xtv2w08wgr1kttokhr2jwz0frn9e0vu7xu5l6zbpp,2024-11-02 17:53:03,swap,USDC,1.02,Curve
0x7dwhi5tt19qhtl2zvb6sx6b1rk16zmyvekj8t4lf,2024-11-02 19:09:07,swap,USDC,1.01,Uniswap
0xggw6aiyu9iqgknkxewes01u64c4halvplla1m5uk,2024-11-03 01:20:46,swap,DOGE,0.24,Uniswap
0xvjnlviagq0v5575cz981eldm3oxas9y838d7np5d,2024-11-03 04:20:58,swap,DOGE,0.39,PancakeSwap
0xhvojuqvqcqg08symprv39kp2cyacqz78gpykm1dv,2024-11-03 05:16:09,swap,ETH,3755.68,Uniswap
0xc1vp380d4lzqaqlg87kzd4i04q327n3scnqyab7z,2024-11-03 06:10:58,swap,USDC,1.01,PancakeSwap
0x4oen6mg3mf03ibhkossjlkd4tnf0mq3gqcvdbfsy,2024-11-03 09:44:03,swap,DOGE,0.45,PancakeSwap
0xfod38t75pzvusm9h7o5nh6j7s393wbfwg51kk5nn,2024-11-03 12:35:54,swap,ETH,3232.91,Curve
0x44pj2gyp84qqsrkh1eaf434nephbsd0auxjb1zzm,2024-11-03 14:43:24,swap,USDC,1.0,Uniswap
0x8748cnrykgsgxj7pdc58ej3n29zc39xzxmdv5vhw,2024-11-03 15:09:49,swap,DOGE,0.24,SushiSwap
0x126hh5efamlii2gwf1l8z6truvmwsk8dao5iwbkt,2024-11-03 21:09:36,swap,DOGE,0.22,SushiSwap
0xu986jql4nrwt0oueg1a6umbgjxtril8thz2y1kmd,2024-11-03 21:34:16,swap,DOGE,0.38,Curve
0xq2eedvxwe432cl2swumcnqm6ubjk54vh54d5lqsi,2024-11-04 01:11:52,swap,DOGE,0.42,Uniswap
0xz5cq1h1obzvf3enmr1mkxx3cklv9evef78per8zs,2024-11-04 03:59:52,swap,USDC,1.0,SushiSwap
0x5qwotexgrnu1h87hev8n5y3ia40hm786ljbjgtme,2024-11-04 05:06:23,swap,ETH,3229.53,Uniswap
0xjgmpdq17d3jnkowp7796ecajoph8mc8s5x4gmzgz,2024-11-04 06:00:45,swap,USDC,1.0,Uniswap
0xomzuqklnud78kpf2hymmu2s892ukecmhixrxbp1r,2024-11-04 07:42:58,swap,DOGE,0.44,Curve
0x3z8mjvy6to5y94wi28y1lqhzyvccbcikghosk84v,2024-11-04 10:13:45,swap,DOGE,0.3,PancakeSwap
0xphv8eep4n88gxkomwcj89upegrv8p9kilwyo8f2d,2024-11-04 14:34:05,swap,DOGE,0.23,PancakeSwap
0xx1qm84qqqn25vdmtmy6lvz3e7fj6hoy1awo62gxn,2024-11-04 15:38:57,swap,ETH,3664.42,Curve
0xfa1zkfdoq9ye06hn4y4b0xiuxplvqb43fykt9z1z,2024-11-04 18:56:21,swap,USDC,1.02,Curve
0xc9ly8r2cwgxdsb3r7fudwhscxla4yxkjyjurs1bd,2024-11-04 20:42:03,swap,ETH,3839.68,Uniswap
0xl1ov1yrn8ve3zuwdettb85kk5lg0da48w4lddwqf,2024-11-05 00:20:03,swap,ETH,3969.54,PancakeSwap
0xq1f4logndsnaeptyjdxfqbd6dqq7v1ofw9o6h08b,2024-11-05 01:31:38,swap,USDC,1.01,PancakeSwap
0xay34wr8nkwud5y0calfwq1h0v3ibfvy7u0d2ixv7,2024-11-05 04:22:34,swap,ETH,3805.65,Curve
0xjm3l22spcs14rzksszr8shcbm1br36mzxdgx8kni,2024-11-05 08:47:21,swap,ETH,3549.91,SushiSwap
0xvttj273ryzqnja723qb648lx7xgaxu7y87aajt8i,2024-11-05 11:59:55,swap,ETH,3999.43,SushiSwap
0x5hw7in3hlv2iwwnqg0tjgler1yzjo8wnwc5colt1,2024-11-05 14:15:02,swap,DOGE,0.2,PancakeSwap
0xcnzu6yhkpw9g4mlqpube24m6dnzuydbf0e3bdx0r,2024-11-05 15:33:43,swap,USDC,1.01,Curve
0x79ziod79p6cs5cafv4gp5yzhe27yghcid791cttw,2024-11-05 17:35:23,swap,USDC,1.0,Curve
0xnjuypgjwyndoz0d1fcocpegopls2uhm3tah7i4ji,2024-11-05 19:20:43,swap,DOGE,0.2,Curve
0x075u8urd8p1phdw0dka8ze7ba8lldoduvqwuabnj,2024-11-05 21:31:23,swap,DOGE,0.34,Curve
0xe9tdvr1bkrongc5t6nwaxcdbftrh8ve4caoifw4o,2024-11-06 02:54:57,swap,ETH,3273.71,Curve
0xics09xuganmaidr8inl9djwohqbpab8amg86rx6b,2024-11-06 06:30:27,swap,DOGE,0.31,SushiSwap
0xxc5ixruibsgyqjdwomu3w9xfshre5txt9l3whnax,2024-11-06 08:26:16,swap,DOGE,0.17,Curve
0x3s5kkzubyqawfr9m5voaovvxtkjt3fdqq6svobo3,2024-11-06 09:15:12,swap,ETH,3153.69,Uniswap
0xruyjm0d52hlmsl389wlb76vscxr969climnpmwif,2024-11-06 14:19:47,swap,USDC,1.0,Uniswap
0x2zcjak039nifogqmow3ko97n5py6t4e02wo0oeqm,2024-11-06 15:27:52,swap,USDC,1.01,PancakeSwap
0x2vad9zc6b5aanstud1dy6hf6wo3alo97ux3al0xj,2024-11-06 15:37:55,swap,USDC,1.02,PancakeSwap
0xm7hd0nd4fsqfjt5hn215aa7ast8lk8yjxh468mwu,2024-11-06 15:43:16,swap,DOGE,0.22,PancakeSwap
0xzqtbgk2qhr6sybo8yizd463ee641x11055al0c60,2024-11-06 20:48:07,swap,DOGE,0.24,PancakeSwap
0xl14wn6tkx5i1b7po1ctax2ty9ghgaa4rjr659quz,2024-11-06 20:58:55,swap,DOGE,0.41,PancakeSwap
0xez8yz7look5mxxgsghkhcbir5eniwrsxchhbigyq,2024-11-07 00:32:11,swap,DOGE,0.23,SushiSwap
0x6w9plk8c63p0o88sqs935kn80m0fwzqe1btfo2nq,2024-11-07 06:57:45,swap,DOGE,0.41,SushiSwap
0x1bxsnwsjfaxhgpaf3ex49fsknt5s239qu7hoep0w,2024-11-07 09:03:33,swap,DOGE,0.37,Curve
0xc2z1q92m45jy35fd7pfyzpem2ffwyxbo9x81ecbu,2024-11-07 12:19:28,swap,DOGE,0.46,SushiSwap
0x5wtl4h5b7ags6vl2pdm8jgqzafo7ta7bh5bbmfsi,2024-11-07 14:38:25,swap,USDC,1.0,Curve
0x3hjnurak1rtkxcox70eswnwq09a1ziqpvw9k0zef,2024-11-07 15:43:50,swap,USDC,1.0,Curve
0xauslu3v4heqnglpea39ju2729l4wyf47zefb6pp2,2024-11-07 15:44:58,swap,ETH,3954.06,SushiSwap
0xxgz3fvmo2bbrwuc4hfnx94uu11vkazfcbkve8is1,2024-11-07 15:59:52,swap,USDC,1.01,PancakeSwap
0xmwtxvugl5lfku7ubl4pdt4pvkoqfg5fzhme7i9de,2024-11-07 22:21:10,swap,ETH,3427.7,Curve
0xpjletg7u2xl4sri95dc0mhhyzpde8g3v9842lhoq,2024-11-07 23:18:30,swap,ETH,3506.07,SushiSwap
0xkslb6g9vpe5tzyxou3qc9amj4ku9hpbf3q530nvg,2024-11-08 00:09:10,swap,USDC,1.01,Curve
0x071nnwgg6ojpq6rgvxbh7fgtfllegmgi6y77jqj4,2024-11-08 01:33:02,swap,USDC,1.02,SushiSwap
0xa1m0k7f9pvt40swicyhllrzig2x36x3yg1geomwu,2024-11-08 04:38:53,swap,DOGE,0.33,Curve
0x6sowz9z4elft3knzwpuiv7k7m8o8wrtl3ep8a3m0,2024-11-08 11:35:02,swap,USDC,1.01,SushiSwap
0xjm8x310frat97p1chcr66tsybmz4pnfgcm2i5svh,2024-11-08 12:21:56,swap,ETH,3731.0,Uniswap
0xw7wdky8glo0ntkwzk01njo4ibdsg8xese44g18xp,2024-11-08 17:03:57,swap,USDC,1.01,Uniswap
0xbi7xvvj92wbcgk39fbeptpokjkl6fwe4ign7q2x0,2024-11-08 18:43:56,swap,ETH,3950.15,SushiSwap
0xyceubpo8ulgj2r4p9gpcy5q0tctv8gat8brdtt33,2024-11-08 19:02:03,swap,USDC,1.0,SushiSwap
0x4zoksxpt4v7o1nxyok1c9206x4h8sageg37e20oe,2024-11-08 19:41:26,swap,ETH,3173.82,SushiSwap
0xbpl6y6s79tf6zl2fgwkq88ytq40qghvuxc3b66tg,2024-11-08 21:48:19,swap,ETH,4083.87,Curve
0xyxvzogu2xok3sc3nh0rvpqhkwo70dbzmwtt866i1,2024-11-09 08:07:27,swap,ETH,3989.15,PancakeSwap
0x743vnqmt3xibcognibc5gs6xedrrqhz59m2en1eq,2024-11-09 09:28:11,swap,ETH,3811.77,Curve
0x9p4c5evn2nl96wrlnc1ki36e7v2ko1mffbcjqvw1,2024-11-09 10:51:42,swap,USDC,1.01,SushiSwap
0x3bvznty3asn5afw6mc1vnbkgg9lw4kkyz6r5dsub,2024-11-09 11:19:02,swap,ETH,3549.82,SushiSwap
0xvn5mrovsv7pq4qn13fddf2p50ztsc8fcvuple8hh,2024-11-09 12:13:57,swap,USDC,1.02,Uniswap
0xj70lq0b5oh071mo7ifjuj1idlqx6phdfszjshrqr,2024-11-09 12:25:04,swap,USDC,1.01,SushiSwap
0xnwxj3rewks1gycckh0nxvp2df8nco7g0ergk1rfp,2024-11-09 17:18:09,swap,ETH,3628.33,SushiSwap
0xfwmsfqbmvxfg7u1bx4gxrnm69k22lc5x698dc2gv,2024-11-09 20:32:45,swap,USDC,1.01,Curve
0xtdzzuzbxaaajaslhwliut6heoqv4jc8rhsjzc73m,2024-11-09 20:54:04,swap,DOGE,0.41,Uniswap
0x98g1z9jblk5wn6k1x8e4jyldqa1e0tr00qpi772r,2024-11-09 22:24:22,swap,USDC,1.01,Curve
0xtfbj9cq1d7lpacmyoiem82azxq8xwbp7cjr4r4xk,2024-11-10 00:14:10,swap,DOGE,0.24,Curve
0xhqzigx4td8uup4kzmqkwxlbv4a8uub72f7vo9n6a,2024-11-10 00:46:16,swap,ETH,3658.19,SushiSwap
0xwxi4bywtwuo9a851fzgd6zlpsb7xevxwddt3zrj3,2024-11-10 03:40:17,swap,USDC,1.02,SushiSwap
0xr6006czitsc2f5eskg6a09na9pcyki4gdd1j6md9,2024-11-10 05:36:34,swap,ETH,3976.66,PancakeSwap
0x99a6icdta2kzi6d33iuiojyi4fn7498uki5znl7u,2024-11-10 08:21:08,swap,USDC,1.01,PancakeSwap
0xyxhb4b2ixjgpfcj38pwxf84nryw4otqkbnek14ga,2024-11-10 10:54:37,swap,ETH,3768.05,Uniswap
0x1dug6gz002ez9exxocn7cmcsadd2yz7du9sxw5t4,2024-11-10 13:32:58,swap,ETH,3946.22,PancakeSwap
0xtpf3axqb2o4fomwk20ncrd8tidtf554tdxz9ri0t,2024-11-10 19:26:57,swap,DOGE,0.31,Curve
0xlr8jltjc4z7g59c8cz8tbbegfmldoz1gi13znehi,2024-11-10 19:41:50,swap,DOGE,0.36,Curve
0xk0t2ueupwub2u8lt3bmc1g0lmke1oyvpys7kd12v,2024-11-10 23:01:07,swap,USDC,1.0,SushiSwap
0xjybdzql4znv938c78exqapxyi8gokj0r6huealdx,2024-11-11 02:11:38,swap,DOGE,0.23,PancakeSwap
0xckkzcgia226pqle6umncnmaahob78c7u6ogq557b,2024-11-11 05:16:41,swap,ETH,3336.35,PancakeSwap
0xwqxtvzuk2dyf46xyznygu4br37kmw80gnngch3yp,2024-11-11 09:19:43,swap,DOGE,0.4,Curve
0xqjz6rlhpbzlrt83ljgmlxmd07i4xrf7hszxmbffz,2024-11-11 10:54:59,swap,DOGE,0.34,Curve
0x06rb9vuz7mtkn0z0skt8tjxw9m5u8msbkakps9pz,2024-11-11 15:03:52,swap,ETH,3467.86,Uniswap
0xv14r5p1k7ksmo0i034ho78v3w0wwihsq7tbjzo30,2024-11-11 15:24:17,swap,DOGE,0.34,SushiSwap
0xop7swdjq8gmq650djwmza23ads8dbud5u2tsvugp,2024-11-11 16:45:48,swap,USDC,1.01,PancakeSwap
0xqdc3t944gbubxqmvw1gnsuny74bsc5611sq6inmq,2024-11-11 19:23:30,swap,DOGE,0.42,PancakeSwap
0x969limmxt8f6qehovjqc9p9m16tewvbs1w5g66gc,2024-11-11 21:38:41,swap,DOGE,0.19,PancakeSwap
0xu6rimmatlb57nv4vprxx3z1xa79cmg9o103qcuff,2024-11-11 22:17:32,swap,ETH,3412.12,Curve
0xdh3zujq3rovmzimwgtafsq7eu7qpi7zeagf9teu5,2024-11-12 01:00:10,swap,USDC,1.01,Uniswap
0x4kkn0s432gd27o1utyfl1c1kywfeyo28zqawmk6p,2024-11-12 02:48:58,swap,DOGE,0.24,Curve
0xei46humjgxmb1n50d5bvt8ks7aeq8owodwl3m9m3,2024-11-12 03:41:31,swap,USDC,1.0,Uniswap
0xwnxtmu3b6k5u0oi5f334ixbb9orqaygwzudgwr2h,2024-11-12 07:08:20,swap,ETH,3862.93,Uniswap
0xnqk0m2n1h9b5qju5yf4xk60qko9otu3t7e0z8m5g,2024-11-12 07:31:29,swap,DOGE,0.42,SushiSwap
0xhadap00mqkrlga26wxaqil3s9pbjc1xmybizc8r4,2024-11-12 09:49:21,swap,ETH,3117.68,PancakeSwap
0xadgq6lxxtbks896jmbj19y1iaobhibyuxeqrlcp6,2024-11-12 10:32:07,swap,USDC,1.01,PancakeSwap
0xjw0u2ljxc8x32x74k5veya9ht0gg282eedklc4lt,2024-11-12 10:35:11,swap,USDC,1.0,Curve
0xdrdws6zenbl1czc4a2r3hciyx2rzv6oyut94h0je,2024-11-12 12:45:29,swap,USDC,1.0,PancakeSwap
0xivl3pmxi47gnuwrs0brnz964i8txmf7du3bksygu,2024-11-12 19:15:23,swap,USDC,1.0,Uniswap
0xw467wn5vd8o0tpxs7fyauq3jfs37r7lxhchzm9wd,2024-11-13 03:17:57,swap,ETH,3498.04,PancakeSwap
0xokxuaglfx43youqpkvm8infd0jomf0gap48siu5h,2024-11-13 06:54:02,swap,DOGE,0.28,SushiSwap
0x4na351vdncmoqznx8hoac3lefb5vf6xd5c98j9lp,2024-11-13 07:53:53,swap,USDC,1.0,Curve
0xx8fvqf1za5co322xrdm4m4yuukfbz19k618csoee,2024-11-13 08:48:44,swap,ETH,4053.02,Curve
0xafhqfnt0drmb86xqg3t6dslvy2kn9jvup848emug,2024-11-13 09:58:06,swap,USDC,1.0,Curve
0xb9sput9hmmo6izfgbb6n6c3fxhkikz94bh538sby,2024-11-13 15:07:45,swap,DOGE,0.28,Uniswap
0xh8kdf79ibyr43wst9hl3n9cizniw8im78x8cz97j,2024-11-13 19:28:47,swap,USDC,1.02,PancakeSwap
0x2vmpa0qitrjfux8n907fva24jwsb8bwzas0whm2p,2024-11-13 19:44:41,swap,DOGE,0.4,Uniswap
0xc0sa1a3ody565exv776uueij8yutpv1b5asi4jf4,2024-11-13 20:42:19,swap,ETH,3383.27,Curve
0xm1cmds932ff0nv1dqk0cjnp36dg4bsk9ehbpepjs,2024-11-13 23:03:39,swap,DOGE,0.24,Curve
0xs3uiiz8opuyod6m2cnii0escgb48kcnwm7ir0tv8,2024-11-14 03:04:36,swap,USDC,1.0,SushiSwap
0xottnlpo7a3k1fyxu43aq0d84a7d9xretjvg9u6x5,2024-11-14 05:17:15,swap,DOGE,0.18,Uniswap
0xkoabq83t1i9srg79r8olc9r1qje06g2ma0068w2y,2024-11-14 08:14:05,swap,ETH,3272.37,Curve
0xzui2o45d8psjjovxukf0rofofipii6i6xpwyjcvc,2024-11-14 14:40:52,swap,USDC,1.01,PancakeSwap
0xw623pgy6yi89of4twj7kcz0ogwbmhqsroi3t59s6,2024-11-14 16:58:34,swap,ETH,3572.42,SushiSwap
0x30yj29euk2zcd3mv7ry8s8hxb93wrg2cx8fxtbia,2024-11-14 17:11:26,swap,USDC,1.01,SushiSwap
0xqanljarx0qe8x52os6tbyhfhnp6relh29cb0wg4g,2024-11-14 17:54:12,swap,DOGE,0.18,Uniswap
0xzvlxrx9t35nr3olwqcvpjwqk4zpi240mbvrcuubl,2024-11-14 20:16:12,swap,USDC,1.01,Uniswap
0xe5s0ovqv8cebbbomrug0925bzov5xip7i7vowjbb,2024-11-14 23:29:11,swap,DOGE,0.27,SushiSwap
0xyftlb0kz63vogj362mgju5sifzp4cb65vgg5a5wt,2024-11-14 23:56:09,swap,DOGE,0.22,Curve
0xxc5z001etveklbke1w6awz5cobx8brqnnq4p6bs5,2024-11-15 00:16:53,swap,USDC,1.02,Curve
0x1fcltvlj31ldznswok10g6oit6n1cm0kemcspa2m,2024-11-15 00:29:51,swap,ETH,3976.78,SushiSwap
0x140mnfqhiixtvpioz8xsfleuci4kblih5in13kis,2024-11-15 04:07:17,swap,DOGE,0.32,SushiSwap
0xtru2s94e7cw8bbkgq0z4s75qofmabg2c14teow6f,2024-11-15 07:08:05,swap,USDC,1.02,Uniswap
0xuz6qxhwld8fuo5hyrxp6ufy0hwnxrg6pibr5q9f3,2024-11-15 09:15:48,swap,ETH,3497.99,SushiSwap
0x95gdtinb4cm59igllag88dhdndv07uygh5mdd74l,2024-11-15 13:49:41,swap,ETH,3243.81,PancakeSwap
0xrfjxj4ryq9252tqfk7foky8nhrgnbab2dny46n3n,2024-11-15 17:55:16,swap,ETH,4078.51,Uniswap
0xm6gg38ea70b8jhzdwsjt4c2hibghrc1l9mf78pqh,2024-11-15 18:00:18,swap,USDC,1.01,Uniswap
0xnbymqubgrxxf5ruhq36gefn8i3iov6rmahmag716,2024-11-15 23:02:43,swap,DOGE,0.29,PancakeSwap
0x2b3zk81bl306dt1sj21w0yojj01iabxn4bs8ztxs,2024-11-15 23:52:40,swap,USDC,1.02,PancakeSwap
0xdzs20qx1rb7bfyqp4vq9vqxul8ugwvta2ji804um,2024-11-16 00:06:52,swap,USDC,1.01,SushiSwap
0xh96w4af1s7m37iu3z62k17e066lcqmavz9uppxc8,2024-11-16 01:10:42,swap,ETH,3346.68,Curve
0x2sz8fcmmksp6qcbdhrk5ws1a9awme3z7yangot6w,2024-11-16 04:04:20,swap,DOGE,0.37,Uniswap
0xpc0f691pihy0v44e3o0u72mdzst0j09wzbm8ibmd,2024-11-16 06:25:16,swap,DOGE,0.46,PancakeSwap
0x5ljbucbhsw43t2f5gsrlvne5b6o92tbvg305eep0,2024-11-16 09:46:48,swap,DOGE,0.32,SushiSwap
0x0yo8izg7kilgyw5rw1rzrgrraiyn2seiaw660oys,2024-11-16 10:45:33,swap,USDC,1.01,PancakeSwap
0xqs475klatvg2courqxvjuj7fxzg0hx0rh7dqnoaw,2024-11-16 13:47:27,swap,DOGE,0.37,SushiSwap
0xqlgh0jg0lva1o7iyig0gls3qzsoq93eef2fhxch0,2024-11-16 15:52:10,swap,ETH,4062.15,Curve
0xw8jxkkvnw389tya120fck8mix2l8mrz3m2wqx56b,2024-11-16 20:25:02,swap,USDC,1.01,Curve
0xlmespmdhdbwrhglqkdg1ae4ddj9t2qeey6tkw4wr,2024-11-16 22:15:57,swap,DOGE,0.41,Uniswap
0x7sons8vutbb68basdpdbv41cuh0vezpc07yuc3vd,2024-11-17 04:49:10,swap,ETH,3135.36,SushiSwap
0xbnos8ndqwogs6hlw2ffd6qte69lxx51pma9t9umx,2024-11-17 06:00:48,swap,DOGE,0.32,SushiSwap
0xpm9ed6li0x394kfvbt3e97zqojw5zx7gsgjd47a3,2024-11-17 08:49:35,swap,USDC,1.02,PancakeSwap
0x7v49je3svkzaz5rt05kt48n6e7gdbvvjevnux586,2024-11-17 09:07:58,swap,USDC,1.01,Curve
0xk4i1m0d00e0ibqa32n4e641nn2dvtzhjd4s9bv4x,2024-11-17 11:05:39,swap,USDC,1.01,Curve
0x1c4mnb5kb3e1fuct14sjwr0c6rcx6xbo53g74ep0,2024-11-17 11:46:45,swap,DOGE,0.45,PancakeSwap
0x6mwubih0eayd958d4ka82iahfhnireg43944p66u,2024-11-17 15:38:14,swap,ETH,3454.08,SushiSwap
0x1v9vgz166g4txwqh1a5osbe01eqytf583txdd9vg,2024-11-17 19:25:12,swap,USDC,1.01,Uniswap
0xskdofrte89zq5e0n88nc1492cxdmdgvhqmrirzbw,2024-11-17 21:52:36,swap,USDC,1.01,Curve
0xpr3ldfp0p236pv1abbbnlqs0lr3azfq7x03rsol9,2024-11-17 23:23:51,swap,ETH,3723.53,Uniswap
0xd7u892u5iz2o4n6fl7zbgxfwj6ul54oiexbqgie9,2024-11-18 01:49:01,swap,ETH,3734.3,Uniswap
0xfxmuxkdsvh0f5curfielo54j3xv3l91jmy0paa22,2024-11-18 02:44:13,swap,USDC,1.01,SushiSwap
0xpp0b3dvxgstfoddfbh73u303u8dph5e8vhdvsfar,2024-11-18 06:34:05,swap,DOGE,0.18,SushiSwap
0xsz4mnnswuwb5q2e885rz72pca69lg783ie9oo84d,2024-11-18 10:08:38,swap,ETH,3907.77,PancakeSwap
0x2kcjlx5l1do5lgp6koy4u3vxl79byi4p36v3us5p,2024-11-18 11:09:48,swap,DOGE,0.3,Curve
0xcx4d09d1xu1aok5ymm70ohvv5k0w7u8m61ymjund,2024-11-18 11:56:02,swap,ETH,3906.41,Curve
0xjn8vkslolref30uyqbfmrbglj5vity5fvejoecte,2024-11-18 19:22:28,swap,DOGE,0.18,SushiSwap
0x66b26orzia0eprdohefw3yi6x9lt36g5oi195f3p,2024-11-18 21:24:59,swap,ETH,3653.96,PancakeSwap
0xkwp4y0j5n3x5sca7wipwshom1w7cnb32tt32aosl,2024-11-18 21:33:38,swap,DOGE,0.34,SushiSwap
0xhh5eoxdgxk4zv86ndjnpavra7ii0c1llhvtc61be,2024-11-18 23:30:01,swap,DOGE,0.32,Curve
0xghc2fzh1p541zl9pyf5u2x6e7nt1ddhpuy87hluw,2024-11-19 01:32:43,swap,ETH,3163.97,SushiSwap
0xyzzbuxhykbydln2q5koxdwtzmsdf1vwftkeoxqwr,2024-11-19 11:05:45,swap,DOGE,0.18,Curve
0xzv2un3anaa3k0uxdu7zrsvgpldz6rxm7gyj7vpjk,2024-11-19 11:38:22,swap,DOGE,0.19,Uniswap
0xrydxv1trwwi1clx00miq40r1tmtklowd92f35oyp,2024-11-19 12:31:54,swap,ETH,3338.67,Uniswap
0xplc7v5bpfogtfltlnb7ihjdvt4nzu5uauzsjwj7a,2024-11-19 13:04:32,swap,USDC,1.02,Curve
0xgesuwfbcywb6983zqnf8ludnn8enkg8c49yeaxxp,2024-11-19 15:38:13,swap,DOGE,0.32,Uniswap
0xdk29j5tjsnl8skh42g5ginz0rivutstkq3xmxn4t,2024-11-19 16:41:38,swap,USDC,1.01,Curve
0xf02f1kallvqh2wt3cv3twcwfm11x1jdv4zsdo30v,2024-11-19 17:57:03,swap,USDC,1.01,SushiSwap
0xev4got2bpn6qffl9e0axtt4ix23936ogin4p58vj,2024-11-19 19:55:14,swap,USDC,1.01,Curve
0xmm0yb6m3t2rjsej9ig69fz8pyrzukbxhakxw4ggs,2024-11-19 20:05:27,swap,DOGE,0.16,Curve
0xfzr4eoyg2zm68qy51uz15n0j0u66o3jqlgq09mjx,2024-11-20 03:08:08,swap,ETH,3202.94,SushiSwap
0xogbvz9k21yfejhu6s57w2gxf2qjeb1i4a0ls3sb0,2024-11-20 03:21:57,swap,DOGE,0.31,Uniswap
0xvj81dapbo58ioe9l56ma3miypc4rdiyavv3a9nwi,2024-11-20 07:33:34,swap,DOGE,0.42,PancakeSwap
0xvicckr99f3on9bupsqmmumzdkav1df1vj0w540vv,2024-11-20 08:58:54,swap,USDC,1.02,Uniswap
0x8rbc5m8a7xlfw427mht5l94470zho6d0ueemxep6,2024-11-20 13:31:05,swap,DOGE,0.26,Curve
0xgkw2aig8ykoi38fsnf1dk02j8mb7o7kw2cacen3m,2024-11-20 15:41:36,swap,ETH,3528.38,Uniswap
0x6nf9mt0htc88glxqkveqddnsyu1aq55xie2kidvv,2024-11-20 16:54:08,swap,DOGE,0.19,PancakeSwap
0xne4irssd92qo8b2icrl4uok4vxejdsktivwm2f4m,2024-11-20 17:19:59,swap,ETH,3852.43,Curve
0x7cqc4xxsvbclbzf1g8q4edwg96tahzewicsypwtg,2024-11-20 17:24:47,swap,USDC,1.02,PancakeSwap
0xboaqyqtp2xtvehacjmh02qlzxb0td0tvnfbp4u7q,2024-11-20 22:21:18,swap,DOGE,0.37,SushiSwap
0xh8s4pc8bbw8c33f32iwhxfh3yle9dpbox046c69e,2024-11-21 01:41:20,swap,USDC,1.02,SushiSwap
0x7jd0zemly2k6p35wxatgbekjme3qilk7iwa7dbty,2024-11-21 04:32:29,swap,USDC,1.02,Curve
0x59xllkcyl3pnr7hjyc52vupva77ivnchgd6jpn1s,2024-11-21 08:05:49,swap,DOGE,0.17,PancakeSwap
0xmdrzwbrw2ciqcgoryofdyi2jc9idlp416ckecwlw,2024-11-21 09:03:27,swap,USDC,1.01,PancakeSwap
0x7pc8y7us39s2tyq4fl4exfzr87a2zvgbg5tj0qjm,2024-11-21 09:31:02,swap,USDC,1.01,PancakeSwap
0xs1hxuowuhv0coek69rztj85c6afkivlkm9eb74ht,2024-11-21 10:10:23,swap,ETH,3397.35,PancakeSwap
0xzrc7kx65or7hyembojkv8ddm9lngfiepwdb9zhk2,2024-11-21 12:35:57,swap,USDC,1.01,Uniswap
0x88e0aok4dieusv4ag4fmevx8na7i68vchio3m4ee,2024-11-21 18:54:41,swap,DOGE,0.22,Uniswap
0xdygu9xn5mjf43y8azk2pvepwnws6xw8sbo5zxmew,2024-11-21 22:41:41,swap,DOGE,0.2,Uniswap
0x141hq6j8s81snomiz0lunyivj7lhffugmc7h28fs,2024-11-21 22:43:07,swap,DOGE,0.46,PancakeSwap
0x6bztq6846f41qfdxmgihx6x4y8j3m7msg0r09a13,2024-11-22 00:25:53,swap,ETH,3985.63,SushiSwap
0xegose752ot67winmdy6uv80pfxm2sasyjd2wqvtq,2024-11-22 02:59:46,swap,DOGE,0.25,SushiSwap
0x4k3tf0ub694g6ebeyj191c7ypnblj2l2edqa29r9,2024-11-22 04:19:37,swap,ETH,3417.26,Uniswap
0xabmuplwt7gzuug5yj1bzxpt6wyhps24lm04613jk,2024-11-22 06:07:42,swap,USDC,1.02,PancakeSwap
0xivd9tjree8a7rcs36ar9ik43j5ivjuerma15zuwf,2024-11-22 09:08:22,swap,USDC,1.01,PancakeSwap
0x1vvdqg6u534coff2tksp6axvjhu80wkxi2kxjd2r,2024-11-22 09:53:06,swap,ETH,3120.91,SushiSwap
0x51uq9g6s54dkzeo3n7ezrhopi8ndn890eedgzscx,2024-11-22 11:27:29,swap,ETH,3414.88,PancakeSwap
0x407gn700450fog91qrojxr5s1p3jgk3roh5ojrms,2024-11-22 11:48:08,swap,ETH,3879.12,PancakeSwap
0xkvwshi7i5uunrw3nrhiczkc7fpasgwawtt33xzqs,2024-11-22 16:10:45,swap,USDC,1.0,SushiSwap
0xa2r4orbjq9uc28p2prxj4ybwg8iygvmd2bsoodb7,2024-11-22 20:05:42,swap,DOGE,0.43,PancakeSwap
0xx1oa9mgadj9kyp8yz4j3hqa3n7smhusjro670jen,2024-11-23 00:25:51,swap,ETH,3833.41,Uniswap
0x2bhsbj6us0o9zi838iy11fxookh5of3nac10bznx,2024-11-23 00:27:37,swap,ETH,3535.76,SushiSwap
0xcmce85oyj18n4zlzo0jzalugq5l8y8zpjgro1f4c,2024-11-23 04:47:19,swap,USDC,1.01,Uniswap
0xg0gakqesf5gon12n76dppcw4p5bllrvwqur0phq8,2024-11-23 06:24:09,swap,ETH,3985.62,Curve
0xydyqboq60gh8ptx1721brqm8f1eqe352y9hczowy,2024-11-23 09:39:21,swap,DOGE,0.27,PancakeSwap
0xz8rv52yk9d6kdwywxcmg34v70ppnm8foiii08ks7,2024-11-23 10:15:49,swap,USDC,1.02,Uniswap
0xfqjj6yko4zmi9auxit3ppkv21iqbxq6vwexu37h8,2024-11-23 10:19:02,swap,DOGE,0.44,Uniswap
0x2cjimu6hxsl5h0cz7oe84b8y8d0dsrfilajatiw2,2024-11-23 11:09:42,swap,ETH,3975.41,Uniswap
0xw47t8paj1i2e5v1cdmk1etb3c806wkb0elf3ltlx,2024-11-23 14:56:50,swap,ETH,3850.25,PancakeSwap
0xisqc6blnnvthpepd2gk3sd5ykx0kl5tkf75y1xkv,2024-11-23 20:45:45,swap,DOGE,0.39,SushiSwap
0xf4z2n5682xoiz45rx8n2h97iki7scbp7ryv3lzka,2024-11-24 04:41:10,swap,DOGE,0.29,Curve
0xkq1suqasgnx1h8wryb7q0ti3xmtvjwhut9yg1y8b,2024-11-24 05:23:22,swap,ETH,3607.65,Curve
0xckr64q9as3t5yc7kf894zlfz3vhnk9aicf1cwe7v,2024-11-24 08:50:53,swap,USDC,1.01,Uniswap
0xf54lv69vobmsv23sqo27ffik3belg1mmtkipivqm,2024-11-24 11:22:35,swap,USDC,1.01,PancakeSwap
0xz00nx2bsm07inm99cnh4wj3cu7s37f5wrt5lr6m7,2024-11-24 12:31:50,swap,USDC,1.01,PancakeSwap
0xk49opbwx24592fiuqhcfrwqeoeydjn4y5jknmdgh,2024-11-24 15:56:37,swap,DOGE,0.26,PancakeSwap
0x6xhbepgoaituvtlzxc7c28wk38jkn8hg6jm87zks,2024-11-24 17:48:01,swap,USDC,1.0,Uniswap
0xkf5yoq0i7jly4ageifq1pa1wztpdo8j6uwlaoye5,2024-11-24 18:10:05,swap,ETH,3137.4,SushiSwap
0xgjpbb0atslbtqb4b6d8grszxzcj6n75y4j8ilrkw,2024-11-24 18:17:37,swap,USDC,1.0,PancakeSwap
0xqq0j05pqd03inr0l62f2mo01thdwfhcefgm6y3r0,2024-11-24 23:58:33,swap,ETH,3204.7,Curve
0xzvop4dm0q4qr3cpof9t5hs7u4xgvqzaq7m25vvat,2024-11-25 02:44:40,swap,DOGE,0.36,SushiSwap
    0x7i4r4hqs4ytgdrk2aj0d32dsbnfvws4j0vxc5yrl,2024-11-25 06:38:32,swap,USDC,1.01,SushiSwap
    0x7vauknzaeu88kxogzi6bo5xgkcmhfdzawwuyafcu,2024-11-25 07:11:27,swap,DOGE,0.22,Curve
    0x2cx97zzeiv4pv2pgk01plwekj8edf0pl9vr6remz,2024-11-25 07:50:45,swap,ETH,3755.58,PancakeSwap
    0x7ybt2xpr4a2plty16gjixw6hru7mgkm1p6ojdxjg,2024-11-25 13:36:02,swap,DOGE,0.42,SushiSwap
    0x20y77q60bop9m0c3ib3oprrpkvfpdpbqlrxndoxw,2024-11-25 14:21:23,swap,ETH,3629.25,PancakeSwap
    0x4sthtve1hdeur5zj8s53xytg6e7lhrwjsgi92iiu,2024-11-25 16:19:08,swap,DOGE,0.39,PancakeSwap
0x7q87nkn6puo8at9bdqkxzm6yrtq6kpv7a0ls0nlh,2024-11-25 17:15:17,swap,DOGE,0.25,Uniswap
0xzqi8zs10vnds1bcgu37hh6yclun0vop0r5dxerno,2024-11-25 18:11:16,swap,ETH,3556.35,PancakeSwap
0xjuba9fjkjlfcgipn8p57tj5vtgz90aterna84f59,2024-11-25 22:11:15,swap,DOGE,0.25,SushiSwap
0xtyabjuteghlm899x5dv3pi1fl5utvwllmud8t6q0,2024-11-26 00:28:28,swap,ETH,3734.66,Uniswap
0xk0a6sn1fbl5j9uxwltatm5thm0mmyklyz7wjym4j,2024-11-26 04:29:39,swap,USDC,1.02,SushiSwap
0xknxg4wsynigfxhc1l0t1pgnz9gbt11mg3dmtlwsd,2024-11-26 08:50:54,swap,DOGE,0.24,Curve
0x0s5bcaxko5ozb3wr3od2fjkpmi9k6a5bsag1v7nk,2024-11-26 09:27:54,swap,DOGE,0.4,PancakeSwap
0xv213cvup9wesmau11hf4zbyco13la28leywfla4m,2024-11-26 09:59:20,swap,USDC,1.01,SushiSwap
0xi4grpkz2ftyvs1um4cxcfnniuuojwlgb430x5ujw,2024-11-26 11:47:29,swap,ETH,3304.0,PancakeSwap
0x297hvqceppi2m3bbayih1jzo0ifmi3kmbwitddiw,2024-11-26 13:06:56,swap,DOGE,0.43,Uniswap
0xntgxvoj7rc6arajhud6mcccf6ambo7iecmbo501k,2024-11-26 15:01:12,swap,ETH,3148.45,Curve
0x671nr67m6mhx3ow97ssxs2snajqo0pko9cyyd5pw,2024-11-26 23:50:20,swap,ETH,3714.55,Curve
0xi820kw4hzvnae0lv0nmv2a183ce4j13pds359zd7,2024-11-26 23:56:08,swap,ETH,3615.78,PancakeSwap
0xurkr1x2oytz61p4v2bn6q99qez98uw29ml1ghd5v,2024-11-27 00:10:40,swap,USDC,1.01,SushiSwap
0xojfrbjp83s92qw0rz4ucqnog3iqejrelcg1t4dq4,2024-11-27 05:51:38,swap,USDC,1.01,PancakeSwap
0x9ddqc6pjwlib0jsgg1n8olmowzersht9878n626q,2024-11-27 06:34:56,swap,ETH,3229.0,Uniswap
0xa3qvkzy7ce0op1w5r9l5ooux5btcg34nv92hbi36,2024-11-27 06:58:18,swap,DOGE,0.4,Uniswap
0xeztcx698giba48vcivtl42imk10bpztcl5oxwwe0,2024-11-27 12:02:50,swap,ETH,3347.03,Curve
0xunvixzz3s9q8tgyzqbi65qwr18q1i0kkbmlr9r3g,2024-11-27 12:20:27,swap,ETH,3638.55,Uniswap
0x6vjospi4ekdod0yvjunoorq1pzz73tbwsusup7xs,2024-11-27 13:38:04,swap,DOGE,0.43,SushiSwap
0xexvkm8spr4r7ol47o1devyqcij43v5i2kw3x7v44,2024-11-27 16:36:08,swap,ETH,3740.64,Uniswap
0xy1zkxbx9vu69x9b0mkk85ogh7ksy4c0aeh71upca,2024-11-27 17:52:20,swap,DOGE,0.18,PancakeSwap
0xzooeh1izjkjn1ug9bj5wwm7q2dqlrn6g0ps3v8qk,2024-11-27 21:55:45,swap,ETH,3582.97,SushiSwap
0xdc3mcxw8v14bysjezqcndbic66kb2q2ft3ziq1sy,2024-11-28 03:48:25,swap,DOGE,0.32,Curve
0x3qlgxbat27kd4y6f19dezjlszwz3ts8rhhxm5rqq,2024-11-28 04:20:22,swap,ETH,3582.19,PancakeSwap
0xn2r7b0vvfivrmjgyi4f5wor48hzh20u7ef6yj03e,2024-11-28 05:32:42,swap,USDC,1.02,Curve
0xke5li1wu6hmvdtz6gl6lfwduvp56snh7y0f48706,2024-11-28 10:22:38,swap,USDC,1.02,PancakeSwap
0xtyv58c48qd82snuw00pt7e3kxyewvlku5nq3iyl4,2024-11-28 11:56:36,swap,DOGE,0.27,PancakeSwap
0xhosypq03gr9c7rhz681wf1wvli1ovh4wycva6rbn,2024-11-28 15:34:20,swap,DOGE,0.18,PancakeSwap
0xiyz7vlrrnim37qqz8s4lyhujcc8vzs0fmf5opbxc,2024-11-28 16:49:00,swap,ETH,4064.63,SushiSwap
0xxyx1krjwfniz4upthdoczlj2ihpxguypso8g5t3l,2024-11-28 21:47:35,swap,DOGE,0.26,PancakeSwap
0x1arp220dgntqk05e5c5ks24t7a6ycewrb8lueihy,2024-11-28 21:53:33,swap,USDC,1.01,PancakeSwap
0xfj2k9bnj3pzvxafv6xr9sggxhpfun6l0x4so5pf8,2024-11-28 22:29:38,swap,DOGE,0.19,Curve
0xnzfkz3o497ffjdr8ak26cf6fsyrnit32ojuauqqx,2024-11-29 03:01:16,swap,DOGE,0.41,SushiSwap
0xp10w96bgwdv03pjcffcjy45uwlavkyyp02gwy6zv,2024-11-29 03:51:39,swap,USDC,1.01,Curve
0xepipci9n24gtmrg0qdrwtpu22qtpgummyu6unx6h,2024-11-29 09:42:55,swap,USDC,1.01,Uniswap
0xrchb3zjdlm0us4zpz5qtti4pac9wfvh16rpbh56f,2024-11-29 12:12:58,swap,ETH,3294.76,PancakeSwap
0x9qql8vp69dwukhuef87pc1522l7nm4zs20760rj7,2024-11-29 16:02:44,swap,DOGE,0.32,SushiSwap
0x82hyxchphyslitklsv5tsxtzz9db1igdsjhaftph,2024-11-29 16:56:33,swap,DOGE,0.27,SushiSwap
0x7wenwmb6myqnp5n0q6vzlz9ia5sm1evgt7s7s1ea,2024-11-29 17:01:43,swap,USDC,1.01,SushiSwap
0xm9n38qhk8nbtjoo7mi0na8hgwya54mbdngyb4l6y,2024-11-29 17:26:47,swap,USDC,1.01,Curve
0x0nh9il4cdo9hp1n8fl0i4jb70cl69rr57un67h5v,2024-11-29 22:40:18,swap,DOGE,0.45,PancakeSwap
0xnnpjbk4gmh90n34ocvghfnamv57d6u92bc27fqdg,2024-11-29 23:13:07,swap,ETH,4030.66,PancakeSwap
0xfmhgi6bm432m7twbpgg083zbg197eoe3cnuj94hr,2024-11-30 03:17:21,swap,DOGE,0.21,Uniswap
0x6k72qq54ejyls3xh22hrgffw49emepy7bvq9es27,2024-11-30 03:44:11,swap,ETH,3230.02,Uniswap
0x04u6a0q7pmybatrb4uw105pwpbkcud0ses8i4oj6,2024-11-30 04:06:56,swap,ETH,4085.07,Curve
0xzerl5gtdeeggtbd4b4us5o9lrrlf4hp6fsbh1axc,2024-11-30 04:09:43,swap,DOGE,0.34,PancakeSwap
0xpo0r623vcj1ab40guhkc3keoohfn2y81y8u1yl5j,2024-11-30 09:23:20,swap,USDC,1.02,SushiSwap
0xerojmqam3i2g59mrrk2mvayzo4jacsvda3hj3i0f,2024-11-30 15:38:58,swap,DOGE,0.24,Curve
0xe28zizu37ahbjr73atwihkilyaxzmt2blgh1vnrk,2024-11-30 18:21:36,swap,ETH,3635.07,SushiSwap
0xvkp9kejcraan8apelbmyaa6etiaxzf01w7fqwxxf,2024-11-30 19:01:46,swap,USDC,1.0,PancakeSwap
0xeu1hvskosp2ss5a9ypt5wr37sh22uh9ln830ilzx,2024-11-30 20:40:15,swap,ETH,3608.31,Uniswap
0x97qlfqzgo5nfd3w3f5doomr2wpl5bjcdnydtrejb,2024-11-30 21:51:55,swap,ETH,3531.12,Uniswap
0xstme5pzo8p6nn2phm5k0n4h8z5x68trwvmd1d6pp,2024-12-01 01:26:31,swap,USDC,1.01,PancakeSwap
0xbufv35p0hh0esrqa03n5v3g3aoz2oo75i6qit10i,2024-12-01 02:30:35,swap,ETH,3137.88,PancakeSwap
0x9vnuvdns8tevmwa5zcw0zchgvs5pwv3c60uevg02,2024-12-01 03:32:44,swap,ETH,3334.56,Curve
0xuknj37ulynp58rrwplfpfnizb46m6hcokmcluon1,2024-12-01 03:43:05,swap,DOGE,0.45,SushiSwap
0xb8uubod96p7yy22e3pn9n375j716dpjjj59srxg8,2024-12-01 06:11:57,swap,DOGE,0.21,PancakeSwap
0xjpocrrsx5lkle0v1ji5pfqnzdud97kgfua7mgq7n,2024-12-01 11:47:34,swap,DOGE,0.31,Uniswap
0x0obo0x75zggx5a9j36kzk1fzcq7bui50h2wnn8um,2024-12-01 16:59:39,swap,ETH,3437.78,PancakeSwap
0xs4f6bawqcdb3tgefon6y9vcn2h16t6nvty4jhwnj,2024-12-01 18:13:36,swap,USDC,1.0,PancakeSwap
0xsvz5fqpyynt3th9l1j2fexlbyu9c3auswy4tya1d,2024-12-01 21:47:20,swap,ETH,4005.94,SushiSwap
0xactzx6nu4ynxcsxjs5s8d7prpahgwcnoo84kt3kz,2024-12-01 22:14:44,swap,USDC,1.02,PancakeSwap
0x3a5v06zim8t4nzq19sfvuck0blzwsydx0l4n41a3,2024-12-02 04:17:20,swap,USDC,1.02,Uniswap
0xgbsousjauhgvn1j5useiue694ke2d4j725jai91z,2024-12-02 04:22:16,swap,USDC,1.01,Curve
0x0cudwdxqyuk5uz6x7zwy91fhqoqtx2runmqbidfa,2024-12-02 05:14:51,swap,DOGE,0.33,Curve
0x1lyjfy2eq56pnn95fuywhcflms5lfbpo4fuee7jn,2024-12-02 07:41:32,swap,USDC,1.01,Uniswap
0xcspkw8ovf7wlxwsu7hlhqpela9ksvjdz1tjte9jn,2024-12-02 08:15:27,swap,DOGE,0.17,Curve
0xllfjqtwx1oyek62kkthqfnnwozq3gymlkbxcpkgq,2024-12-02 12:55:48,swap,ETH,3414.91,PancakeSwap
0xjrn2tv7j0oj11n9ahx2w6y6npxih0tkw3kumh5ou,2024-12-02 13:52:38,swap,USDC,1.01,Uniswap
0xbfoqculp074b8pj0t6qfxg2euv9nj9lio2f981kb,2024-12-02 13:55:06,swap,USDC,1.02,Uniswap
0xj1es1ketbavq9j5dqwmbd4acuvi8gek9d0wwimo8,2024-12-02 14:31:01,swap,USDC,1.01,PancakeSwap
0xy8i56l4l8jpew3w7v61ynm4rfy0ouyuffszut8wj,2024-12-02 18:28:04,swap,USDC,1.02,Curve
0xyljselfs4bai5ed3l2e5l1ulce9s110mts8py3mr,2024-12-03 02:00:54,swap,USDC,1.01,SushiSwap
0xbf8pg4boq25pdsb5spskhc5ajfkrrsmvizvs20qp,2024-12-03 02:10:34,swap,DOGE,0.43,Curve
0xttqr0jowyr7zy0pf1s01j0u2oiyijefxonncuj6u,2024-12-03 02:19:01,swap,USDC,1.02,Uniswap
0xomqb3ws7ehqab6mf2aerg25y735vru1phercea4y,2024-12-03 02:25:37,swap,ETH,3554.56,SushiSwap
0xgmwrfs3v3yumoi7lx19kn0g92poxfjun386mmdyw,2024-12-03 10:40:46,swap,DOGE,0.34,PancakeSwap
0xfvgqsd390vw7ti68qfy5chv41yjxfpqrfdspucjb,2024-12-03 12:25:51,swap,USDC,1.0,Curve
0xdqrwa6yhwrtro5rkfkgtwlnm9lvh74ziwnqu7yjj,2024-12-03 14:19:31,swap,USDC,1.0,PancakeSwap
0xu4clyoakgic0kyoxdgj5b5nnv6wl7r8gplo9vyv4,2024-12-03 14:53:32,swap,DOGE,0.43,SushiSwap
0x8dbxpy84itf6ws07xeb75rhjrhwuzms33doc4u3p,2024-12-03 19:46:44,swap,DOGE,0.44,SushiSwap
0xc4ckqnsf9r8t4le6a95wvqjvfchmq8ay9j3cks82,2024-12-03 23:30:17,swap,DOGE,0.31,Uniswap
0x2d40ufpltt91j1ontdfbxorjtywkdwpo04lgmwot,2024-12-04 02:42:48,swap,USDC,1.02,SushiSwap
0x8x4arjfvwzfs7nlh8z6rnvnhrbeol74ex37gslmt,2024-12-04 05:05:21,swap,DOGE,0.4,SushiSwap
0xyep6tqsbisjyk46rntorp0zzr52xrhm2xgpi5tb3,2024-12-04 05:43:58,swap,USDC,1.0,SushiSwap
0xu3q3z36kyvdf3b656c6hio8j08f0262c91ro2j6l,2024-12-04 06:57:54,swap,DOGE,0.36,Curve
0x53l4fl5pswnl7xq9bsllxy33pd9iep047ixst6d4,2024-12-04 09:17:05,swap,USDC,1.02,SushiSwap
0x431yu2j4emzn5oh0h6v6oit0gp5trytb2g4oj03u,2024-12-04 13:02:03,swap,ETH,3186.17,PancakeSwap
0xovix1j9vikmio2c2nwyoyhx3yi8kbfvq4vqfppb9,2024-12-04 16:20:35,swap,USDC,1.02,SushiSwap
0xvjaj1asghj7u0e8cb4282o9pn4rk9mo2wmfccw4o,2024-12-04 19:34:43,swap,DOGE,0.25,Uniswap
0xwfsg5beawhafn5kwx72e18qhttbageeydl9evrpi,2024-12-04 22:12:56,swap,USDC,1.01,Curve
0x5l8qc9n4l7lgtap7lq5c5ghz1ayh2071cuva21g6,2024-12-04 22:28:47,swap,ETH,3137.95,Uniswap
0xj0gb4s7yl8o9gnhbo5vn9ksgaqur0jtmjfz602p3,2024-12-05 01:08:35,swap,USDC,1.0,Curve
0x1zj5ay8a4p4blqq4etk4sbn1m6exjcoaef5hfvsu,2024-12-05 02:33:19,swap,ETH,3757.33,SushiSwap
0xampmwta0e6yvw4270mpypmfiij9glv0g5yng8prd,2024-12-05 02:49:17,swap,ETH,3247.85,Curve
0xejoxodndhwkq51e8961ngr5xrgy3lyp9q2l4ppel,2024-12-05 06:27:30,swap,USDC,1.0,Curve
0xbtv08dot9loby7pntw89plb9nodv6jaggu9467c6,2024-12-05 08:30:10,swap,ETH,3605.97,Curve
0xvidfg25xmyjak46gqwi92t9sphg7hid4hq79oa7d,2024-12-05 09:21:57,swap,USDC,1.02,SushiSwap
0xybi13lzv1hgttzt3z2og3wfdl607dvedzwtfl8s5,2024-12-05 12:49:07,swap,ETH,3294.28,SushiSwap
0xac2zknshlrvk3yyhjwz313rx2ze4n75gtlnb244g,2024-12-05 13:23:40,swap,ETH,3710.9,PancakeSwap
0xrcro74mpp1q22takuubs9npss0yiw6rmyvbwg4sa,2024-12-05 19:36:29,swap,ETH,3269.79,Curve
0x52y9fh2ijkcrg246mkhx19vd7yzdksew6kopbp9g,2024-12-05 21:57:49,swap,USDC,1.01,SushiSwap
0xbbh8ngxxxs5gfjdfuf8djhnf2ac3dnwtcj2c7ydw,2024-12-06 01:17:54,swap,USDC,1.0,PancakeSwap
0xvl9l3hdf5rqizzv33e8u1fewk20y2wbgynnw7num,2024-12-06 01:46:46,swap,USDC,1.01,Uniswap
0x5wj65c5m8e4acvo1jgpbdgkgo79mc8hwudm7pk3p,2024-12-06 02:42:02,swap,ETH,3321.97,SushiSwap
0xxzwfq1mpik26oly21t2m1vwwr0wj7f9kb4eq0tx2,2024-12-06 05:02:34,swap,DOGE,0.21,Curve
0xxq7pnl9vilaa2mgrmo76hjzk3qfmynleamn6a7vt,2024-12-06 16:42:26,swap,DOGE,0.25,SushiSwap
0x0wokg29beozcdck8qoe7gbsgqw62kp08jes3kux7,2024-12-06 17:06:05,swap,DOGE,0.18,SushiSwap
0xhkm2lojpnyigdii4xupukcoiyzzw8ocq158s868j,2024-12-06 17:40:27,swap,USDC,1.0,PancakeSwap
0x2fb0jgro0vounw46yokumatst0so0eyyygneegrn,2024-12-06 19:43:02,swap,DOGE,0.42,Uniswap
0xjkp64t0kdvsf4qj6s3zd7273hvid1gq6j7dwp1c6,2024-12-06 20:58:22,swap,DOGE,0.19,Uniswap
0xmpw8zng7i0e9oh5cr5nk2ujlg8hqguj1srr9ky40,2024-12-06 22:33:20,swap,DOGE,0.15,SushiSwap
0x5gceeijwwbn7w1yg1p190djxt9kbix8ppi6gg80f,2024-12-07 01:40:43,swap,DOGE,0.29,PancakeSwap
0xljmtn27ev4d2d99w47xy5q2ksb74zj6t8mjzube5,2024-12-07 05:18:42,swap,DOGE,0.36,Uniswap
0x4bhssjkibfeqm1kv7qy5hzw3i9jw9q8ojyirf1zj,2024-12-07 05:53:49,swap,DOGE,0.35,Curve
0xrwkbky9jc0j6j8ly4xy8753z889kkhl3wqhueb6r,2024-12-07 08:11:53,swap,ETH,3106.55,Uniswap
0x222pyged122u8xw77ue9416hl44dcjh7uvdsstum,2024-12-07 11:47:47,swap,DOGE,0.41,PancakeSwap
0xo9sxc3d76ynh3njx9uc9367mk93lafoapirl7ovs,2024-12-07 15:26:02,swap,DOGE,0.35,SushiSwap
0xay4gnlbfakmsir6rfngq02wha1frnpe0e5fdlz9j,2024-12-07 15:42:33,swap,ETH,3166.99,PancakeSwap
0xdodr1jl54w50f1s1fxo75qh2htujhdw9k2cfig6y,2024-12-07 19:50:05,swap,ETH,3533.03,PancakeSwap
0xon74hub5n4zljtrruf0gi5rj66fjj8buiw4eerxc,2024-12-07 23:21:26,swap,DOGE,0.18,Curve
0xuy14ddw6wsmgjdpvepggs3w3r7roc6k2cbsoqz17,2024-12-07 23:55:19,swap,DOGE,0.32,PancakeSwap
0xvi09qxnx3k42nsb06srj04nrlnurdqqod51d2o0c,2024-12-08 01:23:48,swap,DOGE,0.33,Uniswap
0xgpvhkzm7766pze49flhabw4vq5fqtl2jtgjrd0px,2024-12-08 05:20:22,swap,DOGE,0.32,Uniswap
0x360oi2if2lg2truu29l2qg6rrdd5890legrmazma,2024-12-08 10:42:45,swap,DOGE,0.28,SushiSwap
0xwqy1qrrpt1mep9ryqh6132i9m1jf9qiow25ygmtz,2024-12-08 12:10:31,swap,USDC,1.01,SushiSwap
0x538nbkwiqhjyzw6f6zb8p6zipkkus0loxiodflb4,2024-12-08 14:19:03,swap,USDC,1.0,PancakeSwap
0xb0cqy84bmztbq8obnifcqdosyzte3os3pp6kpg4s,2024-12-08 14:34:45,swap,DOGE,0.17,Curve
0x2ww4tkbrlrh55642gtdmwcay1pgjqh5k9s1yp1iz,2024-12-08 14:40:00,swap,ETH,3680.8,Curve
0xd6v0lgm93v1ab0nwykhej233qwp0l8utcurm8w6b,2024-12-08 16:04:36,swap,DOGE,0.32,PancakeSwap
0x0dcnobgnm4c0uqnefid5yub0cygxjrv3ihja41zj,2024-12-08 18:17:54,swap,DOGE,0.37,PancakeSwap
0x22a8mgq4fb30lospn15e8midjbj7krti40dgllh0,2024-12-08 21:43:12,swap,DOGE,0.16,SushiSwap
0xkuqj5oi1zj1yxmih2h6jwlf0ie09vjt01lcfuorv,2024-12-09 02:04:04,swap,USDC,1.02,SushiSwap
0xly5t03etwu9ymewry9ayll2fzvfmy2gmaf9tq1yj,2024-12-09 02:42:57,swap,ETH,3246.78,SushiSwap
0xr0omt188sj0hdb2o9cjbvxp4dga12ijekeurlu1s,2024-12-09 03:34:20,swap,ETH,3212.46,PancakeSwap
0x5qlca6cdwwf8nev0pt4uhb8npxszlwppep73zu9j,2024-12-09 06:01:03,swap,ETH,3717.21,Curve
0xhguvqhzdfvwz4i7h5r3vchadc614wc66b6zasmci,2024-12-09 07:33:07,swap,USDC,1.0,PancakeSwap
0x6iup94yu2pb4cfrgg9i2xv27njed6gxludrah99w,2024-12-09 10:04:48,swap,DOGE,0.44,PancakeSwap
0x4f8kway05tfalehc9v346ztqirgtlp7v9kpti0rf,2024-12-09 12:29:21,swap,USDC,1.01,Curve
0xis5mz2nkldnwnx9qmzs4n8e1y4p644bcdun1tu4g,2024-12-09 14:07:38,swap,DOGE,0.38,Uniswap
0xyzhsbvm1k0jhlb7ktb8c57cakr3ypwhp1i1k9wtm,2024-12-09 14:33:27,swap,ETH,3940.02,Uniswap
0x4mmqxxmo8lhvmakpz22mwdm9g2g1tm78pch8gszy,2024-12-09 16:18:28,swap,USDC,1.02,PancakeSwap
